4nRspwbnr8uTAPh39oTcomAQ6m4HXu7xXfDFasuUVS7F,0.000000000,4500.000000000,4500.000000000
4sNGc1FQ2feWyRxtPiK8uC2YqyL7FutQ82vJemoRMUnh,No token account,Could not find token account,NaN
F3bmkR2bp5ViUuUaKwwaqefTm1rdX7tbhMHgBDLRXAtz,No token account,Could not find token account,NaN
BjpjHuWK26Ma4UXdeXe4gqYTqRXftSAs1rLKpw2Y1hJq,No token account,Could not find token account,NaN
6dZpYyAWMCFmk3cwA1hP56i4eCXoNi3k1HRkB6nuTT5z,No token account,Could not find token account,NaN
FZMVNzSLJ5fkDLKzjgStSV8R1o1vaYszpx81T9t6k9SX,No token account,Could not find token account,NaN
7S1BJmDqtjjPZUWDJbrduT9LFWVXnq8uD9F8dT1xMz6N,0.000000000,4500.000000000,4500.000000000
4MNj9TNtjurenJ2Lb1JqwNCbF6kUe8zXTLAxwuHoWnqH,No token account,Could not find token account,NaN
H7xwUYDAWFJzZUrgH1Kuk25qjMY9q7zC66PLS9saEbEx,No token account,Could not find token account,NaN
6sLKRT7ut5odzjB3KYtrjorpCxbdhmHXDk9Bg9QdGjJ9,0.000000000,4500.000000000,4500.000000000
58MEsZexedEm6YbcTviSmYkH4iomxt38WkgtNeKf3Edp,0.000000000,4500.000000000,4500.000000000
ARUMcPdWMGbYxc2rcVNdXTTH1UsL8YF3ZhPRJuDphJdz,0.000000000,4500.000000000,4500.000000000
ADj4rUxrtBVvxk3UFScsDKCMVfkwivqFkB8zztfqHM5E,No token account,Could not find token account,NaN
Lkc6GnPkCn3yWrbXjq79eynXUv6gZXRy4XN3NHuqd3Z,0.000000000,4500.000000000,4500.000000000
8pDoPLyTPE5WjedmaNt2bNk6v2QhDdWFsPJRy4gRqrSY,No token account,Could not find token account,NaN
AtqyZSwKK5eZSPuxoQiyM7bJAMkXJ8sSZwXh1W3iaV3v,0.000000000,4500.000000000,4500.000000000
DWin2oG2LfS6MK1dLvfrckhQSu4dcDTK79BckhKw46NH,No token account,Could not find token account,NaN
Fjcz2HdrrotqQdo3CAfqVp8JY8QHL666P1iBRJjzmnNd,No token account,Could not find token account,NaN
JBCu81nnGMB4mSJLBPzo7jciLUyEFJErnqJ37jEbJ3o,No token account,Could not find token account,NaN
CCmud9Ppitjy1tDiRFafRM92SiQJQqqcNrWSRiXjGDxp,0.000000000,4500.000000000,4500.000000000
B548Hm7W7P7MQ2Q8SoSbk1uS6nMHsfhTZw2KREwUNpDM,0.000000000,4500.000000000,4500.000000000
7otXZpGbXPWzbbD9CrsR4R1eYgEVGJbywHXiPffzmH8c,No token account,Could not find token account,NaN
6jbvNqDm7k8nYQhzbcx7tM53uU6aZwmqtEPSan8irqcY,No token account,Could not find token account,NaN
39tmDNT1epGRb2VYhPP8ocmcuENMTxiWaH8s1gGUcEHj,No token account,Could not find token account,NaN
FST3ywsNrtKZNKhJvaXYRy3Maz4pFFqCSsNgikhqorW2,0.000000000,4500.000000000,4500.000000000
FGpeGxQ5mXTgQUPi6LN5QDs2K8dNRbV6pvhKwdYtPLLv,No token account,Could not find token account,NaN
AUUQa6FaWw5QVkjpqfkznELhZBQA4wUThhgEh44i6Dfb,0.000000000,4500.000000000,4500.000000000
EWopBuw1KqW1Y38p2f2DCos8PnyZaciUpm39vnrNN2q8,No token account,Could not find token account,NaN
37zHMiZ5acNsRDYu18tQGDMhB81P8NoEq33E4KimzpR4,0.000000000,4500.000000000,4500.000000000
AAWenS39oUqACqdPhMgCxv5n2n8inBZiDJhEc7NT91ux,0.000000000,4500.000000000,4500.000000000
A8jR9KifP2s2dzUzV29rMJsps8CD2qr6bKzk8N9qPiqj,0.000000000,4500.000000000,4500.000000000
ErViTSeKMHsKonZLWM8Nk898x4KT9SskmKj225KDKedL,0.000000000,4500.000000000,4500.000000000
H6PBvEnqLNsP44x2xLS4oWaUge4maQuY6hgDj2c7uuat,No token account,Could not find token account,NaN
HNV7zvxPZH753wi82eVC61LyCk5bZMpS6SrUc6cupa57,No token account,Could not find token account,NaN
9RptFVu7BoV9xLZ3tRHgjSidSfjmJ1rpNsazzvEfTVyv,No token account,Could not find token account,NaN
6ZZKu5WSKGYwfYN1HADYdg8XPN6PhBGwaJMAs632SvWi,0.000000000,4500.000000000,4500.000000000
4w3EkWaYvAjUPqtPomh491sfzkKzqTNRUEQQod4wvp58,0.000000000,4500.000000000,4500.000000000
9XX57o5SPxqVqoYpKi6w3QRHXnQ7yT5HeFS9UNv51LRr,No token account,Could not find token account,NaN
HRXmjRTGD3DMH4Kz2RAkp9Vs6Vh6LseCacYk1y1AzuAC,0.000000000,4500.000000000,4500.000000000
6pjv2mrDViYHPEYXcs6bHW2ewTYV1u8wXXeu18MjEj5A,No token account,Could not find token account,NaN
GHzyu2rxPsdoZG8h32gvKxcobzL4hYyxsJ8Fj6K5R9Vy,0.000000000,4500.000000000,4500.000000000
4PwH26pbfFDGs95eK6QNnxRqnwQnSiN4QvrcNCyyH6QH,0.000000000,4500.000000000,4500.000000000
Bze5tBFvafM4piS3qh6mSDGHxYkj14RwF7VLi693LD4V,No token account,Could not find token account,NaN
GgEExJzSs9QmDoSNZd34j5AkiNaFX9d7zQUqboUp7bC6,0.000000000,4500.000000000,4500.000000000
BiBkHBrZE1ar2UJx86PALpetc9YvUb8bw5dzSitFA88H,0.000000000,4500.000000000,4500.000000000
9BQkZMtYtoBywnxKUZ1ZqbFk67bPUsbA8S4bjbN2zHev,No token account,Could not find token account,NaN
5MgVw25sBvMzWy2msvoDCSzPh3x8qaY5rPbNui7yCaWP,0.000000000,4500.000000000,4500.000000000
959tz4TYUgDhDAb5btAX2kzJHigPvw1QD1XpHXRWksTV,0.000000000,4500.000000000,4500.000000000
4fJiYKn62uZJ4W47NJEVToJ67NZ3zwsmZXnVXi293Mvz,No token account,Could not find token account,NaN
JByNzRfF3pruLQKZ4VoMDRPXiCwW81YMHVLUa2aUUnMa,No token account,Could not find token account,NaN
4ftv5PAnntR1beJkariXZ4sZiaJkGBk2yGx5G5ARaH4U,No token account,Could not find token account,NaN
5qz4tFbczamf7anBEQn7KsuM6nWUs8bSwFuy9wnHYPZP,0.000000000,4500.000000000,4500.000000000
992RViAmocGyYUpqzxjXshKFrVNdsQYpaiW7AkA9YcAR,No token account,Could not find token account,NaN
EGMpN58uB4vWe7qEsX4REawU9ppkTi1dcgc9gpa3k5P5,No token account,Could not find token account,NaN
FJFYUqreGXjvQkAUNKX8mLXGdNmrXVw4cwKf3vVPSiba,No token account,Could not find token account,NaN
3GeFYVyV9xege7ZnmeRDLUP8fCuZg8yUNjCDSxKwubk4,No token account,Could not find token account,NaN
64V2ahKRmDvvC4smUKW2sEYmkPxXMyTJNPoGBG8fDEVr,0.000000000,4500.000000000,4500.000000000
ALojv5DjXp4Jf5FQQynMuxZaSt7eW32pd95T6ZarbVJs,No token account,Could not find token account,NaN
6SDCJPYjJkcnTZzs6NWynfTV6yGWDLEKGoqYceroHAUX,0.000000000,4500.000000000,4500.000000000
7mG4Gif5tMVPBcRQ6qYU8mjfYtagvWrwsk42CbcySiRu,No token account,Could not find token account,NaN
EskhEexh2389taRdz5FpMxk83nyYnYAd6j5rdCeSgxRi,0.000000000,4500.000000000,4500.000000000
EGsoZ74qpL87V53WpWexDoTEKoZaDFj5dwXj1nAo9XzL,No token account,Could not find token account,NaN
3jiQsJnoSTCKbsWscWgKoAdzJCBMp7gAntjDNQXycFYG,0.000000000,4500.000000000,4500.000000000
PkWAA7pqa4raoHdb6oR1nr2Umk7A2uwnzv5jtMYtfLW,0.000000000,4500.000000000,4500.000000000
CC1F5gvxx4TjQgaFd5dWgxRSpdE2dGDnTAaQrpXctMD1,0.000000000,4500.000000000,4500.000000000
i9UK7EcABhKMoLXHjpKaK1oVUaeJJXHLYUUqWFiAGL1,No token account,Could not find token account,NaN
BfHctdfKwfgZqbPwaaGmdDk9aeKYjYn1pmuUMKRin4pG,No token account,Could not find token account,NaN
Bpt5Dy3xcBu274CZwH9Sc7o1YSxNgwbKocjqw4qDXrwW,No token account,Could not find token account,NaN
24HYpQHKBWR7UiimFae16k6ZQtn2sBfMC41jCJYJDu9V,No token account,Could not find token account,NaN
6GymdCWhYm9QL7Tw9iESPs9asY38qta6iGMpwaL5t2za,0.000000000,4500.000000000,4500.000000000
7qH8DzBM6PhxuMWtDsjWUkvagavVXH4RMttXpggFTXi3,No token account,Could not find token account,NaN
ERkBbCSnrFdaAfyNrrysHrddHShX4ZrLYmcYp24A6fq,No token account,Could not find token account,NaN
BHfu6rdkBge5LaaddWDVUNhoYnUNEsC12fEriMhTZoNr,No token account,Could not find token account,NaN
EzfT9AHERM6zAZFyro3RdmZM9NpwmL5SB4fDRUgKkvc2,0.000000000,4500.000000000,4500.000000000
5jbKJsdC9tBNVJKvpNG3DPWSWwWt4yUeZHumEBTqjvHt,0.000000000,4500.000000000,4500.000000000
CMmAzSocnq8za1CdLktVjNYZ4bjyA2UyCupVTyHjZGJ3,0.000000000,4500.000000000,4500.000000000
4w4BYrWUdTU5c5h6tNTGtycmtwQNAB6P7381zCFQjVxm,No token account,Could not find token account,NaN
BVVc7fBi6zDWmV3fV921p2PzpdpeBNtoT9JR3DuDpj6C,0.000000000,4500.000000000,4500.000000000
9CCuWKqNWgxYBducswq7ea9svsAS7nK6aC1kfujW1LVz,No token account,Could not find token account,NaN
8UqrYXW12cLbb5apJsan5pYh7EyCSje6gv3kEhXBCig,No token account,Could not find token account,NaN
Gug1QeyKRCFEymbVUBFqaYd5acXEWNYWwWbpVU629TBa,No token account,Could not find token account,NaN
C5ymWf6zBkKgLFq2R2dcvEPgpYky33xC9e2Nv4Ht45Ak,No token account,Could not find token account,NaN
3ZZDa2fj4unVQE54TE1PUgWVNtrkKyvY95HMzAWDRAAi,0.000000000,4500.000000000,4500.000000000
BM41AahK8UCqoqaTmwBacfFw2CziaNxVnZfP2oQbrBia,0.000000000,4500.000000000,4500.000000000
Di2Bv7cAHBjkV87A6hqS6ZuDnwDM5Aa7uVQ3AjhDVH7o,No token account,Could not find token account,NaN
7za8W8UB9N6jkczK5JaiacrpeBGrEL5Y8ahSSCLhMQjG,No token account,Could not find token account,NaN
FuheWyATnr6XUsz5tjuRJ4e2SqCKidY1zd4y3zdeQj4X,No token account,Could not find token account,NaN
BgbPa3nxzbxfz6zsP2qKzvk37e9uspriZqDKWXzp3L6s,No token account,Could not find token account,NaN
4XqCBBoN6wYfeedWVmsLfzqJZXLqbWSTeDXXny8wdQaD,No token account,Could not find token account,NaN
F8nTcaXJAkgZW1MwomJmRifRCikq52BgL98BSMJxxLps,0.000000000,4500.000000000,4500.000000000
F1KG2oKpckaNvxdLzN4n6NjjcpvoWixhJhQZmUsH4zX8,No token account,Could not find token account,NaN
6zvABCuEo8TFPKUf2XHM3awuKQrTDvaeXFDWThhqkwcb,No token account,Could not find token account,NaN
DynEcKmsLn3gcCjXJwQs1R3jVoowWVLookEUYhRjZ84e,0.000000000,4500.000000000,4500.000000000
5nvA9bvBYczvxnuQspzAx1MGYZi2TghTXXMWrKfVbhcR,No token account,Could not find token account,NaN
3ouu1sEJtQzxAofeq2Ao2gg7XKGgdZb5BZr3MkH9euBU,0.000000000,4500.000000000,4500.000000000
FmEqxgUz3NK6JnzdMT9rhVUEFmpp3x9LnhnpUKTXNn7u,No token account,Could not find token account,NaN
BcathNM6TN8rEmM8tVLkhaYVxfQyhPAT1HbuM2ttR4oZ,No token account,Could not find token account,NaN
FGa58tEwvRWRXRchieUHUMMLHfmUEtPV7XDdNnsA8jpP,No token account,Could not find token account,NaN
3AcyppJgC2aHy893erxMuVecMWBewtcxYMVPE1zdFvL9,0.000000000,4500.000000000,4500.000000000
57jL8w8MtX487DtrkSNPMv4bb4ZvhiNZq2Sb4MLVGqj7,0.000000000,4500.000000000,4500.000000000
32XKXLgPRNh8sXRhsc9V2PbUvJKsJnuTbs5DaQwfCj8N,No token account,Could not find token account,NaN
HHGteZxWg1oTrxiVtKCJuMRdaiW1JZjnGdEBNFxVebag,No token account,Could not find token account,NaN
6DmNEvXYVeqeq5TvBqeTv2ZTkAzXNiuKf22m38XrXSde,0.000000000,4500.000000000,4500.000000000
FwkahfHXbiJMbhNAQ91GSsxDtceHbA9FxdQHg4qVXF1e,No token account,Could not find token account,NaN
TuHp2m84Rou1TEGpMksKQ7Z7J6eWBaCffk37Wd9aYZM,0.000000000,4500.000000000,4500.000000000
6uQeS6Z36ANaC9moG6xsdVQXqUJMMa2JmiuaYbFhMFN8,No token account,Could not find token account,NaN
DLJf2urQAjKBZSi8aMATYfvCPUxgWA8TXga6wJKbqutn,No token account,Could not find token account,NaN
2bggExqmma6YjSFjAUphmcAgpvJ8wAyHHYG2thG8wPTw,No token account,Could not find token account,NaN
2MaW1krwgcYSE5EPhaNVbnRzxX5XcHw5GLDmwRfCeKPT,0.000000000,4500.000000000,4500.000000000
38LZCSZeT4acfJ4GpeiSyCyHzg4utsN1S2n6HYGUAmeg,0.000000000,4500.000000000,4500.000000000
BzF4DaUdK7XXhaBRp1FsJm2nNxTTsxNRvUQ3gqEZ9qod,0.000000000,4500.000000000,4500.000000000
7L7Z7bjqtCNBs9Bx72ApgNEhBW5dW9fshQ1tMmBkvio5,No token account,Could not find token account,NaN
HfidBRp2TgrbunUuAEpeBdFsNabUhTxBhmeHgA2DVYZJ,0.000000000,4500.000000000,4500.000000000
51S9TgyuvxLUoj4iX6crRDe1aUg4jZzQTuBjHBaYrqp2,No token account,Could not find token account,NaN
BdD1okGCgcZANB4Zw4dqqfW1iQbR3s9qkEPVY2zrUsxi,0.000000000,4500.000000000,4500.000000000
E4efNZfXoH9VAbLt4xvpRB1ZspYiKsdmYMnECbNLv1mw,0.000000000,4500.000000000,4500.000000000
84jAbTBNe6FiLHXjqgTj2YqYR2QYWb3ehwb7uHr4CLKb,No token account,Could not find token account,NaN
6Xqo1RDfcNuKhzdbqhwRetuovm9p9mEDkEY99mWC4EHc,0.000000000,4500.000000000,4500.000000000
EuSHFyaWRMRCQxDGvBpZFUh11ZafNw9gmj2L89xZf7VF,No token account,Could not find token account,NaN
AnzLFmQPFyYkbVDstjLcHK5FBGLJYJ5hD4iMTHVWTDTu,0.000000000,4500.000000000,4500.000000000
4KU3oD82whroZJxgWp2Yvc2qNdqqY7RirHn8XcVho4Lq,0.000000000,4500.000000000,4500.000000000
8PtHcEWwSsgJ8QxjLxqPLR8Rg32givtyaWBKQq8JEGPq,No token account,Could not find token account,NaN
8JKphTJrEvgTo7bmFuZ8LSHSpbh2vrd4Zii7nzyyC1PS,No token account,Could not find token account,NaN
4vC6k9GoNNzMvxevQMraztdfe7kp4uSEydjb26WGTYti,No token account,Could not find token account,NaN
BeNXH4DdLfRp3tWHKGHBQv8MTae61B6N2xHPo6c71VJF,No token account,Could not find token account,NaN
8dQmM4ABYxzPA152zAHovvub5QuUmFHsKHwuuzFUdmxj,0.000000000,4500.000000000,4500.000000000
BpwcBvE1wWKJ2ytzpiFNpcTkYNEbNEKXhCws4b5oo9i9,0.000000000,4500.000000000,4500.000000000
6ZXDy9v3HxVbdSWVhQ2uWbCCvQmZ6a4B6tibqgWY1PgT,0.000000000,4500.000000000,4500.000000000
8yttg2s6KKifWm7ZWkf5SVCZW9ByZ5FaaSf5uWvzyKn8,0.000000000,4500.000000000,4500.000000000
9JTMSQ2fLHyZxdYMtz19Uu6pbNZ73tF7dA53AsG5mXTf,No token account,Could not find token account,NaN
5bwdeRw9A76TwDBuZYLcqFZ4ecfeskwbmo13S3KodHEA,No token account,Could not find token account,NaN
JBEsAFNRM75eoe7xirs1CXsoCy7LCAN2nibjDJi3BA2W,0.000000000,4500.000000000,4500.000000000
GwRHAfPTEipxuBNvRFPCXfyoRhvcPaVJezv7MADMhyGd,0.000000000,4500.000000000,4500.000000000
CP9W4iWVQ8R3PQd52uu5xu5JEXkX6bZSH2KhNqbh35Fv,0.000000000,4500.000000000,4500.000000000
FVRHaSDdsthJD1E2ym1B45AHmNvpy7RhdfD4YVhWrzCN,No token account,Could not find token account,NaN
FApavALKTxn9PmGhcorzyufVsfqN4sseXN2M8MZVyxJk,0.000000000,4500.000000000,4500.000000000
8fqrrMNCb7GH8amumkAMsAsHetPGGxbUJYQ4KhY6s2NA,No token account,Could not find token account,NaN
GnyeXXNpuWuBmJ62ryc8nRH7Jz9SDtVR1ui4W3u5CaEN,0.000000000,4500.000000000,4500.000000000
7R4zt522aZF9YxPvLUFZnVWQtQDduA7gnVEtF7aDqNj7,0.000000000,4500.000000000,4500.000000000
GmRT4gWxnWinABe46RCS6oKP1J7KvkPkC5iXgwFPi5z2,No token account,Could not find token account,NaN
9aRqT6XyUXR16yXPYvGsu1akja7aVjFEc7i4uCSKF9Jy,0.000000000,4500.000000000,4500.000000000
NcGZCdrLWk86Jt8q26KN2uZ9TPGvvPQ7ELKxtun61Ky,0.000000000,4500.000000000,4500.000000000
FSovmkm4mw9daMu82JLbx6qp5LtscDG9yarTJr2Vm42Y,0.000000000,4500.000000000,4500.000000000
FpA41pfu5WSPxfKcmKfbKtxNbbaiWHRJsL9qx4T7cWyy,0.000000000,4500.000000000,4500.000000000
FpHeHypGQ1xyeeDeh5m4s4Gq59erjnE353oaEmDG6hhM,0.000000000,4500.000000000,4500.000000000
4fEFHkCFFCYZqELQqU4SrdLr7wxTYpMv5Ug4eXhQihGL,No token account,Could not find token account,NaN
EB9aidCaaxMHj35XFq6KWqFNHLotLWHM9iTsGrMvANZS,0.000000000,4500.000000000,4500.000000000
3dgDfxZGXaRyC9jk5BU8jw8xSE9AV2F9GE6bfjy5WArJ,0.000000000,4500.000000000,4500.000000000
FhrgCyaN9KKQMfaZn8AL3hrtPpUfabKJzMrYwCWSyV6i,0.000000000,4500.000000000,4500.000000000
DzoY3JFMT62FKsB9Maouwv9NWpwqDQzxa4LeMrTfRt7a,0.000000000,4500.000000000,4500.000000000
7x7U8rxybCnyUQcV3ymdUgTNBNMP4Kobjc5cFnV7iMq2,No token account,Could not find token account,NaN
6ECRWgHpsL243MwNGxCocjdhWn1JUvqvSBjHiyWCwfp9,0.000000000,4500.000000000,4500.000000000
8ow9KgnT46WBiDjEmCk5F3yF5Zvtnt25aDqDRrPezRP2,0.000000000,4500.000000000,4500.000000000
DgGi3mt3wz41Xc2w6ZKvNMdafXPUCivYrmakZEhwBhRF,0.000000000,4500.000000000,4500.000000000
9sQRkqa4a4QGdY4v6WznSAkU1ENmCbULnnkyEwP5JbDb,0.000000000,4500.000000000,4500.000000000
Cp623kepeAmuveziXanFp47oMBzFnq6dHaT9wTmUzKgR,No token account,Could not find token account,NaN
9o2QNrH7PVAg8vJzFT4sgPo4rDEYRgjGauBHMxkFz8zk,1009313.608887225,1013813.608887225,4500.000000000
27eTn2tyzNrDzJbVB46cb1Un6svtGszgemkrU6mt9TWu,0.000000000,4500.000000000,4500.000000000
JAtBLyRG7Q5NDyx76aFcTspWr73KQtbmaAmvHhVnSmBg,0.000000000,4500.000000000,4500.000000000
9MvTc5L3HatFTuk7CsjgkcshBMVGTjWurhFjnGVb35q3,0.000000000,4500.000000000,4500.000000000
ADWH1xffv4F65tRhP55EkAsWQtzQyydA2wcqdwidcL5o,0.000000000,4500.000000000,4500.000000000
7gBwuskNzkp9cYd9edZcud6zsRqPCprBk91DWsmSPxUU,0.000000000,4500.000000000,4500.000000000
DXpWHNZ5k677NW2XSGpkaQ9r1faioSZj8VG6MboCPJY9,No token account,Could not find token account,NaN
6LSpc9U4FT6WRQkyavd44PL3u9ERRRwxeGjW764dStR8,No token account,Could not find token account,NaN
B92BidKduVpfKnsVCBPgjQN1TeP9SsFoNQZtwvLPFgo2,0.000000000,4500.000000000,4500.000000000
5a8NZ7ovvPKTHyLGLaBorY7ugiFvguP2eUf6p6hsScww,0.000000000,4500.000000000,4500.000000000
GJgsD2A9FVTVwWw1M9RDbFVetKqYunG1QLzZRo3xm5vo,No token account,Could not find token account,NaN
ByUrE9fS5ZWSkDiSbPbfkqHPUdNnpuVSWDuVBkw6Doy2,No token account,Could not find token account,NaN
A3NKyq9FydizgaiGD2LYwi4QtxCJBRPec2UeVzdyuTef,No token account,Could not find token account,NaN
FX4NCpvw4Dwksg6AFvfz99xqxwsfpFSR18eBGQsyWhbL,0.000000000,4500.000000000,4500.000000000
BFs4NEJuQcqMDNgt6gAe7FcZknSHJXgZo2myjd21oA9A,0.000000000,4500.000000000,4500.000000000
CbMbkFEKZuXKuxcLxWRKVg74onMHfjWXcZK3hamJ7yJn,0.000000000,4500.000000000,4500.000000000
YvrNY6rQuUk3AaW7HdWMB9tqe8A489B2EFmM4bexzaH,0.000000000,4500.000000000,4500.000000000
FBLF4zqe4m3TX2kYUir5h4LhDMch7ebFrEiSgWf8pPAZ,0.000000000,4500.000000000,4500.000000000
BFWGzRp84SM8Wje2znoSK7pjU5CyGJR4MxnetWQjUy9t,0.000000000,4500.000000000,4500.000000000
79W1GwWoUwoo12udgCYPQ3uCdPKAAKM4fHivZUhoSkMT,0.000000000,4500.000000000,4500.000000000
AmVbVpvPZodnCbtuWBAQcTghrcxvYRBdVnmcfRf4jUFQ,0.000000000,4500.000000000,4500.000000000
8jqaADsCDPnavJg95J8Zqcw3d7etb2qAvcr2QnHfCpYe,No token account,Could not find token account,NaN
13vPUgtS3BzrM1VRqHNTt7btqghf2xvknW6d5jr9i1cm,0.000000000,4500.000000000,4500.000000000
2oevtsDDr19kohK5Zk1zkSktTikB39f1rYii8JF32hhP,No token account,Could not find token account,NaN
EQu5HBsJ3FEmxi2UUUzb1yTexexd2gWV24EzogUCxjnz,0.000000000,4500.000000000,4500.000000000
CTUXyH8wa6ipNA7xj27eitudgzzaX8eY1jEcnTKqxih3,No token account,Could not find token account,NaN
6RQ5YLCrLYd2SEU7XVaAGinRhYbSiREuKTHvo1GHRCRA,0.000000000,4500.000000000,4500.000000000
2DTbcGDkPy5q9rREhpJ71QpgHxztQUBZAVxWg38hQmay,No token account,Could not find token account,NaN
88XorLiapLZuBsF3HeyHCHSFLMooxzw1mPkTummBeebT,No token account,Could not find token account,NaN
7EFi1bVtehhnxmDyf1CEeAfAXbQGBfdJnfqjGDhh4Gi9,No token account,Could not find token account,NaN
BnXUUb8eERsPEMT3cW5Brpov2FRZ1gqhxJArTNvU76Zq,No token account,Could not find token account,NaN
6b38yQU4kkaAwPcYZDf662gp1XbBfdSWtnWazy4k12dB,0.000000000,4500.000000000,4500.000000000
28PRKQEwFE4v8EcGiStq61c3frrBriFQeNDEb75mxLnQ,No token account,Could not find token account,NaN
4gVvfn6ZhVKvpMyFbjnAZW3NdRzo78M4ZwqpUcw9TphW,0.000000000,4500.000000000,4500.000000000
DuJrw3aaYsK7XByAvtBHXutjoVCvNBxgp5dAyhuSRupr,0.000000000,4500.000000000,4500.000000000
3JZ9po22ZyC2jWiE2VFTo9BXi6u9EPMNKfysGhtKxgMh,0.000000000,4500.000000000,4500.000000000
7MTPdTaTtzyY4FQaHQ87sjZ4MCBSUCZsgW8aggW8zjX8,0.000000000,4500.000000000,4500.000000000
GFDtEwT29L7aZGiGHnYdhZTbKvcv9qA9ZaApERhpmNNz,0.000000000,4500.000000000,4500.000000000
GrEmcZPQEA4sTUp4HrcJsvXqrck1ua8c6edaYRStua5k,0.000000000,4500.000000000,4500.000000000
EUQ39ZaQSL3baB8czreRNP6WQzmyeaiDd6bPZSHTJPUV,No token account,Could not find token account,NaN
B21cUdEEyKqUK7K2PSF7xvVUBuQbFeoPZ4zhrGt97Y2t,0.000000000,4500.000000000,4500.000000000
DtJTZ5eENmSUH6gEtweLivYn2Sif6B4qrynRy25hX5p6,0.000000000,4500.000000000,4500.000000000
AWCknky2pbENsUdZ9MpQL6mVCCBX6QH4atG4WWfrWeP7,No token account,Could not find token account,NaN
CKFDq5LHLVT67Tg4GVDo7KGqQAzTuq1gxQZuyTmyrof8,0.000000000,4500.000000000,4500.000000000
9cp4imnjBdX57yPoLC6s9L4fbhQTyEK7YWQevkjMnjyS,No token account,Could not find token account,NaN
42r3PqMdiYCiZDxaQWcFuHiekLvpY6HSbgTVfoEtEo8M,No token account,Could not find token account,NaN
ZfofMbwXdtJew2HjWLUhVBTs51orbbkM3PSvVHs1axp,0.000000000,4500.000000000,4500.000000000
5dfodcTWL8mgND3y5U5BryoVYE7pwb8aXqH2FJED6hqG,0.000000000,4500.000000000,4500.000000000
H83LR8Hqnv6Y9ed7RY9HhJ4j7FcRT62Y49Gmv71fAhzF,0.000000000,4500.000000000,4500.000000000
7HpE4pc8xV7DTN4AZnfrCjmk7KKJet2npVkW3f8tbYdb,No token account,Could not find token account,NaN
t1GXPzBKRRKJFGJPNMPFHA65oDsTU3z8JnT5g8NvzW8,0.000000000,4500.000000000,4500.000000000
82gPQFoYTSUMYq1JgEQ9nbcvDeFR8nqTq1BSarTFnnVJ,No token account,Could not find token account,NaN
6uWrh2jftpBEcHrezWBTtYeUssjHa8NeFHzjqRKhXtqR,0.000000000,4500.000000000,4500.000000000
3rNFPmwnR7DVBCmaMqk2DQXgpE6EeUA5rdieRpE3Hwxx,0.000000000,4500.000000000,4500.000000000
9jtnLjHZucr2HbVbbaKWMRRBBZN84t22kPAiXNaZqh6U,0.000000000,4500.000000000,4500.000000000
KtGfY1vCpoVaoXp3eU37kwS1DTBe8LiPcVEcdxjPqvM,No token account,Could not find token account,NaN
B8V1o4YKrSQrvFq2Vs5gwKaD7xBnZApULScGhcGgwAye,0.000000000,4500.000000000,4500.000000000
439C3uzkMFunQzQRtMNhP9vfKwu7qfd5bhHn1SGaSU3J,0.000000000,4500.000000000,4500.000000000
Gfjxb5sv9sEHCYr3xDE9AYLpXdKRFA2CvRLxoEW8uTWr,No token account,Could not find token account,NaN
6CpMMhcwPdxvCVQZbSGJ7pD17RjAdkXJ1QCRQgG2288E,0.000000000,4500.000000000,4500.000000000
47SzbFx595Gd3patvgnY6QMbo5HUEve9obqc2Uv2VmyT,0.000000000,4500.000000000,4500.000000000
EnRYAG5FrkrtpR7zPvX6zut2PURwKcfcg9SFnjajKdob,0.000000000,4500.000000000,4500.000000000
8eSjyfP4zYnSz2khwQ86woXkRbJucd8k7dx7be8f8jeW,0.000000000,4500.000000000,4500.000000000
8hmSj8UH3NxBdv4cD1L1GRx44ZFQiSJUUEF8o3Qwp79S,No token account,Could not find token account,NaN
ExwrVTuQuBVE8c2tM57D4FoCsZmag8M4ZgVuADCPBUEx,0.000000000,4500.000000000,4500.000000000
Bmy41ykCQ5p6y2Thth2CvDW2tdPps6dWwJRcWRnBpEmB,No token account,Could not find token account,NaN
B2qDFr4DEYZCZe8cjQPwQsmj61REKZCAch4TCCWSnULS,0.000000000,4500.000000000,4500.000000000
DBS8Kp8gM6ZMu2a9vj1oUAKeXwCAtFT5m2Tr7TF2pRyP,0.000000000,4500.000000000,4500.000000000
8AXzXsZzZLDyJDdmv63uBqMFd7V6gCshB12AEUp8onF8,No token account,Could not find token account,NaN
3n439af2Fok8AZupec4bBRevNGVUCNQghFTvqww9Qspd,0.000000000,4500.000000000,4500.000000000
F1ZH7rNgucip1KWnBdDNm5Hmvz3FWMxeKK6aioRJbQQ5,0.000000000,0.000000000,0.000000000
AtbX6EwWe9E3CcwAvVHQvrZtMKPn1emTsLVU3zy7bHLd,No token account,Could not find token account,NaN
EpmuuvNymZNuMHy4QMxKTbfr1oqLXQ7NUxUDNJBA1cHk,No token account,Could not find token account,NaN
EPm8EvHHdazVBhRLbi59EZTEcRnxbbwBmz5482XsJFWG,0.000000000,4500.000000000,4500.000000000
Hb7Jx2TNVKzYJ9uQ4yR2HJe4Hgfiffo1EJ6VCh7dwVf2,0.000000000,4500.000000000,4500.000000000
ExwcyP5BXUBqzM47wNpMpDN9VAaDxTm3gAgHrEpmCBzV,No token account,Could not find token account,NaN
aHPGCadiWmBPhgrxpcqeh2d76Q3oHrxARL9vQwYcaat,0.000000000,4500.000000000,4500.000000000
6RH14q6syVLFxMZRB7GxG6gQaUKQaxgKBhafT6KnPrda,0.000000000,4500.000000000,4500.000000000
7AEFUbWJF1YEN7PXGngiE1Kw9zDEte5rnE4DJZ6N8394,0.000000000,4500.000000000,4500.000000000
5FW3wWjzQyQEfJJfWC1cr6HqZtpA6fPbeAZvX5u76eQ8,0.000000000,4500.000000000,4500.000000000
6q3KfMj55hECdLAoC9d7AqnjgBHTPPoGNoKDPps1zTfz,No token account,Could not find token account,NaN
5ygqDwdS92uaUMtEizY8ExD6NwqrLeRT6Uq6YRtQkExN,0.000000000,4500.000000000,4500.000000000
Cohr1b81D6WQxNUEAJVLrEMGEnuSaAGvMoN3jnEfRjNX,0.000000000,4500.000000000,4500.000000000
EQbtRNJe9WBuxDsetnyRJN95xPxKcpbSz1GWDtPwsYqp,0.000000000,4500.000000000,4500.000000000
4jyNf4mdJqv7avDzLCTFHopSHWkgZNPVVKk5qEaxkaSV,No token account,Could not find token account,NaN
FPottoC3JEsC4aoCA2FYu1WL235NbgMz2A2DDxU4pgSv,0.000000000,4500.000000000,4500.000000000
CeNdqTspSP3tN8H4KigHAR3MqdBFvNh5RhMZcdhvnDsG,0.000000000,4500.000000000,4500.000000000
FFgeVdKHupERDRfR8WAuiqX3NXbV7DYnPPZ1hFAhUHyY,No token account,Could not find token account,NaN
DNx5RukXgpgwCDHZjGaRbooyuC9wc7jcyQVWX31oSVo7,No token account,Could not find token account,NaN
FZsm4yZGZ1XSBCZNgkL9a192C1sgAuMpDAQR7BCb26Nz,No token account,Could not find token account,NaN
FgD79gL1EzG5nDbot9FNmPDZiX4rFJLENoUHhuot2Kvm,No token account,Could not find token account,NaN
ADkY84GyHvgyvQsV9jeQnnS1HtkWpZeiLJh2bpPEny5g,0.000000000,4500.000000000,4500.000000000
4UErFNzfe6AUPUL1xnGpU5grhgtB3gmuntGyV7mkUzta,0.000000000,4500.000000000,4500.000000000
D7RF6YNu4ZW2FEDfZJ1Uc8eFttye1UTQ2eHiJPeyQpQd,No token account,Could not find token account,NaN
2QJBqub7rxiMk7HaE8YV4z1KWpY3RonR7aBw8mNNdVNs,0.000000000,4500.000000000,4500.000000000
Aj16VsfegMEtFwNLKdZDsfyn6G1kBd3VcMKFjjmh9Vr2,0.000000000,4500.000000000,4500.000000000
9rXm6UpVJsKXm2wu4s2ufJSCpZa34kEJYvto6GYjRkXg,No token account,Could not find token account,NaN
EMQr4sRKfFtZHpRtSeahXTNVAwZC88kJRKFzoWsGRgwQ,No token account,Could not find token account,NaN
5xhudzjbH1thevKc2SRs2AYiYwnaTC2KA2wDqEaYKWC6,0.000000000,4500.000000000,4500.000000000
9ocp6zQtVXj2xLoeZyWyE6jDH6nXEvjASV4QWnZSmUSV,0.000000000,4500.000000000,4500.000000000
4W2G7d3wcLH3JqUFTAs1ZQEM3UJAoyMyCgnWEXh6fS2o,0.000000000,4500.000000000,4500.000000000
5whPDnZTem9pmKdumiKy2KniPoYmjzTG8duuXuiVaEkw,0.000000000,4500.000000000,4500.000000000
AN4Yuv5TpLUDAX8WBcxDjrZp17Z4TDeVLxPpcGJm8SVh,No token account,Could not find token account,NaN
A955rDohm1mtbqnbW4FxoatYFkKxicKQcEsQDh4WJf6D,No token account,Could not find token account,NaN
GhxD7ruRiySn5DNt9AuSJfgKbgQEFSN46kQPma9aDDab,0.000000000,4500.000000000,4500.000000000
DbiQSTrTzekHFRu6piCWybJjwXbw9gmGVdECXAFXfrts,No token account,Could not find token account,NaN
6vQHzyXsUHUJuntrGWvmCY3PiREybfrH8xRSH5jtNT34,0.000000000,4500.000000000,4500.000000000
8i9vxk7US4CrYNkYcv6ZdHvQ8PHQYtnSp18iX2zFtsrn,No token account,Could not find token account,NaN
BAnexGyWzbpFq9Y19CKp7SKMgbAywWgqFYfjDKVLMsbU,0.000000000,4500.000000000,4500.000000000
FR7PuDg4cQbFvSyxZ3HQ9Bzsw4QBJR6SjEV4AWDYXdwD,0.000000000,4500.000000000,4500.000000000
Csfbws8qe8QW2vV6wV77QpAJ8Tw1uhze5c8gdZb9zpJW,No token account,Could not find token account,NaN
Cv1kYbw1YdiLsJ6vKasWt7Vmi6uDq5rzD2WGXuM29AYt,0.000000000,4500.000000000,4500.000000000
HNA7a5QG8awxKCsFtL7GSimgHGo7uyvcP1uD5khR9L9m,0.000000000,4500.000000000,4500.000000000
78TSTxdhjM6nXfKwpMHyPjZMQQ3Cp9YrBgCW4TKjbxzD,No token account,Could not find token account,NaN
26n8xvVYvXpmJUAu3AeMPnfFMxoCjvMXsmPSFCZVKCRj,No token account,Could not find token account,NaN
69RitEj6FYrUUrt5kBg6o3BrdFE3Ur3iAs8QfQ14Z8rk,No token account,Could not find token account,NaN
B7NCwLxikQhqrL3kpXWKg4XVRZaig2fJBF73oeLaLqVM,0.000000000,4500.000000000,4500.000000000
E2giVqyKje2JWn6tFkisYTgSJ57o7QdFeUNeQ7dgERHW,0.000000000,4500.000000000,4500.000000000
ET8xozHQenmZZig26LEsVxWGu1WebL6u18aCf4rhutY,No token account,Could not find token account,NaN
DEhWD5iVH8Di1c8Gx6djCm4jPZDcVzeuE7zgpQLAg4C9,0.000000000,4500.000000000,4500.000000000
6c7h4YZikZeB4ipjAeXjKxJ5dRbmobCqa9cNksNkEAik,No token account,Could not find token account,NaN
8JeqBoArEPetMUn4knvbWE5evwNthEpZPD56w3iP55Z7,0.000000000,4500.000000000,4500.000000000
5dzw8tmWGSoRb4spJKrApGXf4F1XMZwThKy7byoCi2QU,No token account,Could not find token account,NaN
4KA7JcW46RMyNT8UrXgUeh6BWMK7CCmq1ZGyiKssqn4P,0.000000000,4500.000000000,4500.000000000
2YPAZSW3ie7nhy1S5CWkcjEikSf9HwLzVzT4pDwUb1MN,No token account,Could not find token account,NaN
DyhoqtwhtakAfEDaLDfgxRSpLxACrusJXnUZwfoXhvgh,0.000000000,4500.000000000,4500.000000000
G5TnaZDhfyrdqpkxhPqgJuiUetechqUgmHUsv6nV4LSx,No token account,Could not find token account,NaN
FuRvt8fkKTNyNjG7xkaHFUxB6CvVANsPi3nqUKmxPyqe,0.000000000,4500.000000000,4500.000000000
9zzgyauUVTDcRtofsj6qoG8kXduat9Q5YSWKjgTdodiz,0.000000000,4500.000000000,4500.000000000
9rYRsrsLp7EXKPoujam71CtpjjrnkMccz9RLeZKvx1f4,No token account,Could not find token account,NaN
ARZ4CHBuP3wjkHxmQtMmCoFVdoi9CrttmH94eXDApCtu,0.000000000,4500.000000000,4500.000000000
HiGQcA8i6ZbK3KayDybfoYTLwAc45EgYegYkEisYrfqc,0.000000000,4500.000000000,4500.000000000
FMXS3xCtp35JkL1pSwLc4eNKEWRCatdUyK1m5iPJUJhY,0.000000000,4500.000000000,4500.000000000
36ZTu5xKKBqMWcDuumENtxdKHr6JRze6qDarGRNUKmuV,0.000000000,4500.000000000,4500.000000000
2qAWwuyiVRCwvULsAAKgDSwZ4g8JxEkMA4UitYuCSWbV,0.000000000,4500.000000000,4500.000000000
FAQwS2h51a6Q9CkRp4UmmwJX33ZffMVTLKaxBFQxDGY8,No token account,Could not find token account,NaN
7vf9gzCGLqAcM2FuW9gJCjA23hBe69zWTcputvBktUvM,No token account,Could not find token account,NaN
8zBHxnKJyGdn9XEwLfJKgf8uYcQkZSPSHFnPPh4Unm1q,0.000000000,4500.000000000,4500.000000000
GcfTfQs4yr8HBQjbXXWmnYw3pYw6RZmXG48Gtg1cAGdL,0.000000000,4500.000000000,4500.000000000
AZEp1UnTh3Wj38PVbzdj67GW7ZaeooX5N6n86kebRuRD,0.000000000,4500.000000000,4500.000000000
4WVYW1dFpToJCCACzqmPoJqM31RyJ2aGuPvGixi74Scm,0.000000000,4500.000000000,4500.000000000
61PMTrUNTW1BP5P8mEaVX8DknrnRMy55FuKwWZYZs76P,No token account,Could not find token account,NaN
PuTi3hKFMnegu3moDdFHHCwa6duEUPHEuM1W39aBdkg,0.000000000,4500.000000000,4500.000000000
67WR4rLyfMCV9J4Cpwp74GArE9aeSXoWDbscEK8yMSYA,No token account,Could not find token account,NaN
AqSc7uDoZGePGSJ9ftnmLbE3vSgcYW1KqtT7jmpX9g3H,0.000000000,4500.000000000,4500.000000000
JAGBCuYq5jnkfMbQazcK4kDVy5aUnXPxbBjtBwDpvbra,0.000000000,4500.000000000,4500.000000000
EC7pYWZGVhPVZXxpttvigSCirAYRbLCpfHJe7cyueyro,0.000000000,4500.000000000,4500.000000000
CDrBxJB5w2gNNmXL4YURoXUDVP74RJTF5TmWckiDcmnU,0.000000000,4500.000000000,4500.000000000
5dZtPwSAwNgVDc4Nc7yiefDRNkWkDhkVSAMFiBCV2ASq,No token account,Could not find token account,NaN
ALyeaPTE9AGaAiRoQ6qgqX1AxgKZoUPr7sABhYHUf6aT,0.000000000,4500.000000000,4500.000000000
GhTRucReSGiGJwB5JVHVA9pyfhwchBPWhjBkE2PoAvLK,No token account,Could not find token account,NaN
H45t9ug5Q6vamUhMFNwYkdZgSoTX6Fq8ArizzXNbFEjc,0.000000000,4500.000000000,4500.000000000
CmVxPaaTdojydXam9Qam9uL6Z8WcdUh3tUjAJkfqp3r5,0.000000000,4500.000000000,4500.000000000
FYp3JSQZRWqeDmygWwkWbMd6m78tfpLtYDSSufavqaKY,0.000000000,4500.000000000,4500.000000000
DRXzHo4rwxEEKBHk2wKuRfKgeXRaJJ7EBxzRUiJZQ9Bo,No token account,Could not find token account,NaN
DTLfEG5LE3FQCkMaonNGwv2gNh8qPcL45evBMovQNJHu,No token account,Could not find token account,NaN
FKxQtBYe7dpunzv6BFkbYhsWuGJPGHcNYg1EwtbUhzf3,0.000000000,4500.000000000,4500.000000000
GySEGNwyKpSwaYHgre9s2ty9pezdtpzGS86XnWoujrbr,No token account,Could not find token account,NaN
BHzf6TB1MD7HZ3WKNvQznxuQ6SoH3ZZYZiToUGqphR6c,0.000000000,4500.000000000,4500.000000000
8gJF3iWQE5UK6RiNUdu7FbBksRh2vexToc6ARPuc2LKx,No token account,Could not find token account,NaN
ANNiUXwX2CVwty7mcpj46KfxCcy6aWJUFh6mSTJ49gm,No token account,Could not find token account,NaN
DEsGHTKfXKvfSxStWFuCac3ne6WTLvtxvzQoAUrZtpEN,No token account,Could not find token account,NaN
2vUEgM97iGL5zLPx4LQu3vp2bUxArcH6K4uzAFbvu6LU,No token account,Could not find token account,NaN
925yyVT2iX4xTpZ2Vz21aV5e5DyCJmk7LYgMfFUje2pP,No token account,Could not find token account,NaN
5m1MBqqTG5jYiF2krxxmKknnWvonfcUe2x8DcF4xY2Bb,0.000000000,4500.000000000,4500.000000000
J99c97SmC4zpvuDzQW2wWKmsbS6pNnB6aYHtWJ8z3UEZ,0.000000000,4500.000000000,4500.000000000
6ayvkTwxdtBTQhxbaMBhg2WjzgVEtBttjyQXq7sNbr9b,0.000000000,4500.000000000,4500.000000000
48aeVRLYiTaCgGNR15kSrMfhTNz7tADezHXK2fQTcVVq,0.000000000,4500.000000000,4500.000000000
3TEKF64EMPkbNPbwmeoMGwNN9oEXUPJuyY4h45KvRZpa,No token account,Could not find token account,NaN
36qmQWZvuKniF3cKHuMvcQZcXJp2LtLMTHkVmxZSZBd6,No token account,Could not find token account,NaN
EtWh8ci4CezLhSqQ8WdzUWXzg9NVzJEh7tQouGCyrmLF,0.000000000,4500.000000000,4500.000000000
HbNEEwcYNB2vo5FUGDGHP1UhETpvAL1ZXuXzKXu5XzWd,No token account,Could not find token account,NaN
HpkbhhSc7xPz9bKgmoN5xtjrgyyM9DfQo87ZWQH84hXN,No token account,Could not find token account,NaN
GoaozvSns985xKWPNpttY9fWtLh4zcFuSGu4FYKcDfr6,No token account,Could not find token account,NaN
GGHV8WLzdgCfy1qSWhZY6KQcdhMXezLDFmRhuA2UhvWF,0.000000000,4500.000000000,4500.000000000
7QYJHDjvSykS7F8KQtdDUuP1jHgab1tPkTeetjAfGgDx,No token account,Could not find token account,NaN
6oFr2JfCV4ZuRJ9ZGbESUcEqPpcxvQH9ZAjGEmeS5xXp,0.000000000,4500.000000000,4500.000000000
7rawDAK6WLWh1GRkrtTDPbsPXkMqMasY7YWFQgz8bfo5,0.000000000,4500.000000000,4500.000000000
EndUSeRm65zLKH8geyn9zKMKMgtUQ2hZr2uBmx1gwRZP,0.000000000,4500.000000000,4500.000000000
6wBniYzgk35ZQcQ2irTWwzNF9mnfJukbxf2aifhsu2qY,No token account,Could not find token account,NaN
HATE7B5ja2S5ojzerUeb8XSmvgtKECNvM6vB5QgFGpEp,0.000000000,4500.000000000,4500.000000000
DDxj9gEVGqj4AMp6KXN1JCboH3M3aHWYVeMc4M9w6xUT,0.000000000,4500.000000000,4500.000000000
8GDCvrcUBVS8NMjgyedtpfUvofvfMBqapDvF11T85EkN,0.000000000,4500.000000000,4500.000000000
6qgbhGx9gUTkbL4zodhwrJTx4gii4xZK7eMSd38cGHLn,0.000000000,4500.000000000,4500.000000000
49Lx6mDq9oakdUW7T83TA6dtcRULgcdT2hqMVWZJt7rC,No token account,Could not find token account,NaN
3uvyAcpJuX2qsH5gq99CoVGKCZ9gt2nEggQjYhs8qH8o,0.000000000,4500.000000000,4500.000000000
2LX8gYwHsbVKzFSBs6F6epVrodGtPs8CA3vMc3qTz6xM,0.000000000,4500.000000000,4500.000000000
3NBL1aJCMfjKLswEGRsjPdzMT1voLbdzQwbjF7KxnfG2,0.000000000,4500.000000000,4500.000000000
2u2JtxyeEpPTLe7RtvBJYwJXBAvcgfw3QBY8HeFKT1f2,0.000000000,4500.000000000,4500.000000000
HVAtn1EmqRirJoZjHoBBae25b5pDTnefBnbQA2piyi53,0.000000000,4500.000000000,4500.000000000
2KXnGYgGSjvibwJANbRsVeDQw6eRjodhG8UskBsLArKNl,No token account,Could not find token account,NaN
Hiu7nHpsS38CwvkY1WbMbB3jqxnkpQEvXQUH7kLhZmRB,No token account,Could not find token account,NaN
7ypqhiipLUyC3mWS9h6f4uQ4hRbCRPy97aZC3PKbMc7R,0.000000000,4500.000000000,4500.000000000
F3Vjz6mtWFgPb1YEYaRFjD58gKQucUS37uGSeP8XWYtV,0.000000000,4500.000000000,4500.000000000
ByRF4RrRLVSAEEiDmVSXrkGvzv6FxfTaTe859KKLF48Y,No token account,Could not find token account,NaN
EeoFwMXtoPRaqwy7r3hZb4fP4ZChRobdRTxBDx1fvD6R,No token account,Could not find token account,NaN
HAuNrbbuSKHGGLE91tTTnUrZcr51YAtt3Mnf7pBrsbHq,0.000000000,4500.000000000,4500.000000000
HitVVpC6XcRcKAcpeTcyi3M6FDGjWZKF6HpFRpswpNaS,0.000000000,4500.000000000,4500.000000000
BgtAAUpoxw5enLiEX4VHLtWdrD3hbV3MEBsoPDbh9y7z,No token account,Could not find token account,NaN
HGLK8jyFEVExkUsRMDqfWR6Kckxt8NuxzkjCLMShy8GK,No token account,Could not find token account,NaN
7zpV6zb1hn3R8FFS5WSfY4ZdhDduCiv4HPAd8DtccaR8,0.000000000,4500.000000000,4500.000000000
BER9VhjBUg87dbLBDYUHVRpAqQpWZ55E6E5CwCX1UW1G,No token account,Could not find token account,NaN
9Dp99rBumtj347hf37oaEgj4vJFg6HMaGc58i7irMZ3b,No token account,Could not find token account,NaN
2BqAR9a7vjtz9aupZ7ngR9GrHYhLrHTZX7ycmmTdr1SV,No token account,Could not find token account,NaN
3xiicUcG1V83sLLQZi9tRmBrpQBJnKRbrL68nZjc5cNZ,No token account,Could not find token account,NaN
7AUBnF4wgRdBB1BjYw9FzqGwsJapkCHZmYNi1cCkoRDz,No token account,Could not find token account,NaN
3oWha9kLqHEXn481r11wHBG3ipNUnFpNQXaWZpXgVM7Q,No token account,Could not find token account,NaN
88aqbn3WVwCgcbT4A9P2SpYhYsXuaCmiCpmbQL33HgSM,0.000000000,4500.000000000,4500.000000000
9TaTzgS6eoTaL8sQrAGuuRvUjSApC7P4yMfFEExyz2Cm,No token account,Could not find token account,NaN
ADUL13kzsBRq448riCTjTHT9zroZ6eUGrLr8UFqNzXa3,No token account,Could not find token account,NaN
Daq5H8MKFSh6aWSykSZjjn42SqxbjPC4jgk9iXEAgaot,No token account,Could not find token account,NaN
6JELiPwGac9trLSHChNid1f9Q153Xk9u58yhEjim5X2C,No token account,Could not find token account,NaN
DYA1Hs1X3X7ZeYTSawNaxsFqS7MFDcDzZGov1WP21Qrv,No token account,Could not find token account,NaN
EBtv7KFSQYEz4Q4RqsR5pSHGr7nAqJTnUsmtxbDfzfhG,0.000000000,4500.000000000,4500.000000000
EJXt4PfaPLreX1RPn6YrTeyKVXPK7coq9JXduoegQa1u,No token account,Could not find token account,NaN
737wqo68Xn2mnwyL7ZQRRPuFSGuimju4aZSkBdHNYtHP,No token account,Could not find token account,NaN
HSiVyfJGwV5NgxQFA7j6VbqUCDGquqLvTreCJeF2PPev,No token account,Could not find token account,NaN
9G15X8Jh8PtRoHPrYWyNu2ib6XhFXQResnQc1cTY9ypG,No token account,Could not find token account,NaN
9VFEaw7uHhX1zfjozZ79XJ742t6WQjKGdY9eUrFZs4Fo,0.000000000,4500.000000000,4500.000000000
EkmiJutFA3P35KnjrYhRpfokf4iX2nX6ovAQWW5fvdVB,No token account,Could not find token account,NaN
63g4BHkHBMLHpozqxf8nNDybA8dSTWHPxuuF2r2QSkYg,No token account,Could not find token account,NaN
9LUwcVxVEawJw1me4tYfJxspk9GSmXYQ35LphrjEZhej,375550.179855899,380050.179855899,4500.000000000
2evrL3eGPY1eUqxs63XPk4mrqKKKXPPp4tHGoX93A8mR,0.000000000,4500.000000000,4500.000000000
Gj4Yi94DqDZ3xWpim9mURtT5vfDs5GKSfrhmM5bUqvXv,0.000000000,4500.000000000,4500.000000000
D2eHnAkF9GCeXrwbJCrVCnDAvEt4gVKstvzXgigHyzU4,No token account,Could not find token account,NaN
Gkr92BsVp1JjNVcMLxLAiCa7br7ZMYccJwakVZv27ghM,0.000000000,4500.000000000,4500.000000000
BuZXgniGNXYHf6HoVm48hiZGDmz4KNaD4LPV5FA2YGsm,No token account,Could not find token account,NaN
F6TRRaPQvSoMWCUh9Yrm21SM5nKkv3Ee6gMosj5c5qKQ,No token account,Could not find token account,NaN
9MXjQNPveTpHEFuvZhfLoBc4E5y9X7vajUZ3EsF4aNfj,No token account,Could not find token account,NaN
9AiDN8MfLpekYHM84GnruzpZRsNBqViMgHJSKGi7gi4v,0.000000000,4500.000000000,4500.000000000
3c5Egz3DAjeCUK8khcv2gBXj6XF6N6fjttZxGvScuA8o,0.000000000,4500.000000000,4500.000000000
7UZRqxkkPeDSpE3C7P5kjjdiuWTYy2zvGhj5S6CTeHaa,0.000000000,4500.000000000,4500.000000000
5yW2A6GbuBPvZSUMtsoLU7iJdjowh5uASRLYP3DuSSog,No token account,Could not find token account,NaN
Dp27L5niESjze2kMVE3bc4DLVaRhojUcLvS25ptHY725,No token account,Could not find token account,NaN
7TUY2jqvaLjW4j91xriKR3ckkuXXozP6ScDREueEM1R4,No token account,Could not find token account,NaN
4QeRDXVTTiLkUvyKaLVAbwxDg8GFtzWHJFBq7cHnHPeh,0.000000000,4500.000000000,4500.000000000
DxDGXVbtSJruS3jRmk6WaFzAdDUAaJCSUFStFNQQGz6B,No token account,Could not find token account,NaN
2xgsDVukmp53UEC1aULqVSoiDtBFh6mpAy7U9dWCiPdC,0.000000000,4500.000000000,4500.000000000
E2gRbKaHJJSh16TBuXA4q68snETG4fm2oJPYqBD4Hqzv,0.000000000,4500.000000000,4500.000000000
4HPE2eBJSVvSMcvZXomTot12ULmG9grKSRomWM6ictS2,0.000000000,4500.000000000,4500.000000000
6tjLq8GNxJqPrPZVDfoHtsD6utfXMeFKq1bmF6bjAmaz,0.000000000,4500.000000000,4500.000000000
5smtee6rd4TSCUaTY8F9ukoJMyFTiZvk5PPvZ43sfEqc,0.000000000,4500.000000000,4500.000000000
D74xuU2kJnzkVR6juzSJQtbRCYmm1Cr1cTxK6Wgyuuw6,0.000000000,4500.000000000,4500.000000000
J3sgDWKooMfv7MddHrKQmCEuu361cwE3Af2SMKRaKxEq,0.000000000,4500.000000000,4500.000000000
4vnsGJCAUGn9Cv5XTvgPRsUwYTVBQLdUnzLx1raYLYku,No token account,Could not find token account,NaN
Dyzg9JtVpabWKPet9XKLSGSKcsoR5i113BFNcTe3ETTz,0.000000000,4500.000000000,4500.000000000
DQB9zNr56mzrARUZGc8tmT4x7ch821Bp9Di4GNfY3iWw,0.000000000,0.000000000,0.000000000
EzzbRNLQwyjCE9xHfenGCvXD18Rrj9Y8Ntoc8u1BBxXC,0.000000000,4500.000000000,4500.000000000
BdeALg2ndAGvoxMBpZT53E1yF764cGXcaubMEkLKHSSa,No token account,Could not find token account,NaN
DU9ZJtZBdsrPzcJxd81ecjPHqT1AaYKoAp3suFrtGB8P,0.000000000,4500.000000000,4500.000000000
3aaygUKNkSbHBsSWzMTT8P7kZN3MgVbgpJb4XgF6qcpc,No token account,Could not find token account,NaN
8jQQ6DiXbCuWx34yJ55RVDr85DWu1DjuCFQBxaV5N32y,0.000000000,4500.000000000,4500.000000000
8ZUgeuqJQTH2MzdAFxoCNATmUNLHLPRk5aZBJ8rg3zXB,0.000000000,4500.000000000,4500.000000000
Dre7rCNtsRNaq8CxUd5BjUaEpdNF8Q17zdQFMQkbC23z,0.000000000,4500.000000000,4500.000000000
H6J6a55igHEfkGxdgAyqUpDhpkqap1AzGbFJN8r6spwb,0.000000000,4500.000000000,4500.000000000
3QZp63pd2C1Kxgqd2g3HrDUPw4H81GBcWK665MqjfEvU,No token account,Could not find token account,NaN
EfugRWY5Mipu3zqZJduF4kWYD5nPcZufxyAsJLudAEHd,0.000000000,4500.000000000,4500.000000000
7S3iASJRNZjPcts57xM2pFDSybZvz8bHcmzLxC3arrSM,No token account,Could not find token account,NaN
7Y46AUdGL8aHAXpT6714c5ouaB57a1WYKTVBFoPSVwYC,0.000000000,4500.000000000,4500.000000000
Bho9mnPo1CHn93SYpSSxAX4TzX22eNFT51Z5bWv2tsYx,No token account,Could not find token account,NaN
HZSNDVx1Hz1LBv7Uca3j8c8tZrjEPSRh2FKRZzZgMiRo,No token account,Could not find token account,NaN
6j3Jz5FF6cGqZSdYz5kLGeBtVeGJXq7kzgnKdAFZsPtv,No token account,Could not find token account,NaN
A97CThxTDSTJpT35ivZrEu3kxBCejBZRhzQdosrm9GiZ,0.000000000,4500.000000000,4500.000000000
8PvcECM1BPChm5nt6v4demtdXgR8zCByDv87WqfqLYB8,0.000000000,0.000000000,0.000000000
7tK4UPogTCm5mCyb984nEQuVhv441SmqwUR8HT4q2x9T,0.000000000,4500.000000000,4500.000000000
DMMzxQRrRQxv2Z9zksD8Yrvr6kc6KWSbj1Z51p5hQHy4,0.000000000,4500.000000000,4500.000000000
1yHCv8GwV8rpt1teF4WDiccDwxVPXrDVVjJ12vmX7eT,No token account,Could not find token account,NaN
4kw17ytUp9KZ6FE1AEvgvmg2TLMUBBhD1ZjEfgfmDDVe,No token account,Could not find token account,NaN
9Q7aHbau3tFuYQ5z6QDVy4i63BSVhUeZdW6uo61NcRy6,No token account,Could not find token account,NaN
52gQaNueWrfFoK24HnHo86Q8KEerLEKq3ZbrKsM7i8Si,No token account,Could not find token account,NaN
GwnfEzFpxjiGCmRXK54H69x6gf8aktfqYidnkbik5MFF,No token account,Could not find token account,NaN
BHznDehEnHc6yUXdnnZTju1Zq9eTD7RjsPoYzAmyCm47,No token account,Could not find token account,NaN
xfKKSpuxkLYiDgrZVvLENuaqUN2XL4yewVnyUuMDyPD,No token account,Could not find token account,NaN
GRriaDWEjdVPFi1a8WHwhPdphFAZzPQCMKxn6LabyP7j,No token account,Could not find token account,NaN
JDENT6QaBJRF3H9FL9w8m8TbJh86edQ8TbyQzvHmmZ74,0.000000000,4500.000000000,4500.000000000
CmneBbX47q772QjXJaPGFtoPxWYzzuGHfirHXTKMq4NX,0.000000000,4500.000000000,4500.000000000
8259gpKCcCBi4WeH3dBdn1v4fuiQzdtXMeTAzYTzutjJ,No token account,Could not find token account,NaN
5R5PyTCLVFysgUz5EeQa72GkVHxLr9dPtaDrMrKk6dNS,No token account,4500.0,NaN
7Q4ApQrJcs9XQ7WQ6eL2ghVW93tohdwPVDfVJ3yYqybV,0.000000000,4500.000000000,4500.000000000
BS5BubFtZwTXX79Y8hvdX6ueV358mQvCCavBgynEqxTq,0.000000000,4500.000000000,4500.000000000
EdHfQtszCC3wSUPc46fknQ98gZ9kkscXGkSLRWNq9nCW,0.000000000,4500.000000000,4500.000000000
AAbzNELMKHFc8tmUxmHtcdG9FnbSw6bZAHn9Qyn62kFL,0.000000000,4500.000000000,4500.000000000
4N73nJ6bH8DJQT1pb6CHE9oi7oDGfeHMtRksX4GbZo1Y,No token account,Could not find token account,NaN
61j4v8tFW4Dywofxm66WBESMim9iCNHtvD7YCykRpcMQ,0.000000000,4500.000000000,4500.000000000
3r4vNex8TaYbNKTrLUY61LQC6Grtkf6vvPskGdy5SpLZ,No token account,Could not find token account,NaN
3mtipa9Qeq3aLMoVc1u9sv9cHzRT8sdd8wkUzqrPNgnf,No token account,Could not find token account,NaN
FGgGQqDKrNCozT4knyocR5xjESABjKpSFA7fsxRyx4iD,0.000000000,4500.000000000,4500.000000000
CkMePWXpjPaaAeK2zHxxFS5NiLxoK2KQri4KDvntxcGL,No token account,Could not find token account,NaN
CL6ZAtuMG2psSHEGuuandPh2NRP9WHLSJt5yy3y3PGQG,No token account,Could not find token account,NaN
7MaovLtd1h3zGZ94PkJ7RMGZeTEp7NaStEQhQhVPCjYi,0.000000000,4500.000000000,4500.000000000
3M9zNZngD7TYQMU7b1QcF1giNzWvCscAaaT4EBo2Ufps,No token account,Could not find token account,NaN
JDAa8VTtvvb9jVhDoHJjZeQwaGhR9LfvLogYp9app2r,0.000000000,4500.000000000,4500.000000000
CwPnqcJBV3uqZ4W737RNc4ZkkiVLcMtfAmz9CEbjHecG,0.000000000,4500.000000000,4500.000000000
5QABHXSe1RcfuYWeJr66iCaviGTrao2UPFRKe3MuXCWB,No token account,Could not find token account,NaN
APFqvZhjrvGsKP6Zy3aZFW1iKG5KMBTHVWztTV3Xnm2y,No token account,Could not find token account,NaN
8Sz6a4TS94wiKP9WEe9uwwowBko72uj58kGJpKL3S72C,No token account,Could not find token account,NaN
7PD8q2f7Vz7WpTHMfKrVr8Q1B6Dne5qegcC9o4oGxyRN,No token account,Could not find token account,NaN
2AkDRPzF2Thp2LkQ7sUmbY43zCdFN5k6PFg2Xz8shc46,0.000000000,4500.000000000,4500.000000000
6NW9LwjRdQfCeiLFGVMMHBamBCU4S5CXEKMX7GAGmF2d,0.000000000,4500.000000000,4500.000000000
CJJ3nPmFoCkwMFsoWbBawHbomwqJc4bkb5CskDzTjof1,No token account,Could not find token account,NaN
Ff7V8aXY2bhwz6PbVDUXHPJDzX8YjCD5Ls2nZBo6K4Pf,0.000000000,4500.000000000,4500.000000000
ENdwyr3bGQgwEYNmVmonxNMb6wvpQvUvcHBgRCTeQdbE,0.000000000,4500.000000000,4500.000000000
RHMALdDLczP4AZxBvNzzP9e2P7eyxr84Aaucg9gwAx3,No token account,Could not find token account,NaN
21arSLFbsQ66j9rTg7XDsj4FSREoxhfMDHCD5RqmwVhd,0.000000000,4500.000000000,4500.000000000
RkbC2YnMh2SaBjZzRVcnpaPPETmQFvGQykW3GRjgFXm,No token account,Could not find token account,NaN
GjKvALbKraMhH6bDBBxZXjTJo8ekCBZUPxZHoWXBQ79,No token account,Could not find token account,NaN
EzbX9PHYiZXj6BjGYtBVYmM6AkaSjioGyYyoqsnki1mA,0.000000000,4500.000000000,4500.000000000
8LEbgi8mCPy1ny3gvS4xpSjUeUw3uWNXfeHbQS2eT1st,No token account,Could not find token account,NaN
Gjt5q41DKHtw1cA5v6PPad7Lx2eo88Gu2tJ2fTEzREZk,No token account,Could not find token account,NaN
CLj7taMp6NkCo1jWDHTLAsZSDadDh2tMzrsv8qxT6CVA,No token account,Could not find token account,NaN
5KUxy1gPiK7hXdWM5vZyUD2YGmwQvPLjTxFfvtLcrCte,0.000000000,4500.000000000,4500.000000000
9i9Eu1paMDkPbTUuX6mBUNsX9xW1mpr4bW2TV7Ub5XkN,No token account,Could not find token account,NaN
HwLCDCzxGBaukekDwtNiNDWztrzn8iB4BHJbtjWQwG4K,0.000000000,0.000000000,0.000000000
FMTSPucQ2LDLJCMEZCnMhxex8hD3UGjrcwozwSnw54Gr,0.000000000,4500.000000000,4500.000000000
6zctceYr8myK1mbSHiTjwMyKjXtrPaxa5RmgRo8MNCQF,No token account,Could not find token account,NaN
FEe5p8TYTnu6oYKWVu66qRUhVBwnmWnWvmb9xpPTwGaf,0.000000000,4500.000000000,4500.000000000
Fkg4yhCZPLKT6xwSz6E3E4YZCXenRJEVPAhbt1ZobAGu,0.000000000,4500.000000000,4500.000000000
BZyejqRZB2xtaxjgTFiikWturSC6qtXRMpqh9auMMG9k,0.000000000,4500.000000000,4500.000000000
EViPAfYFcvV8UaCWCzgRgDW3kdNWq1NEANQXh1wbxbDo,No token account,Could not find token account,NaN
4anBMqNE7Au7VFRxxQ7KJ4De6CK8tjo2FMnSB8eJ9GUr,No token account,Could not find token account,NaN
FVsmcLJQojRShvvAEZWwazWYbJuWfeo8dfKo2UgNQipP,No token account,Could not find token account,NaN
CRQbArGoJUGi7Aho7XhvrthPk6Ej6cchHVT98NuZ7NSf,No token account,Could not find token account,NaN
12UkuEGzxsnWZDhc978xsV1HtsDJ7SvshPPuRkkzEZje,0.000000000,4500.000000000,4500.000000000
ARjsbSdjWCPtdorJRZr5FkvEQhKPP3kU2LjRqYvEfyiZ,No token account,Could not find token account,NaN
FafaknqmsvynTH8ZUCGw1Qeq75H8LX5XHG5pF1ST2jvJ,No token account,Could not find token account,NaN
2PU8oxMkZdN3Fynio3KoYZc3uepwYZCB3mZLy1ieRKwV,No token account,Could not find token account,NaN
Dc6PTBynxE7cNvQFpWC4fPvKbsTGTSzyCMkB1ycQzCXg,0.000000000,4500.000000000,4500.000000000
DUJRrHWBneVrdHUR9zvjmfoSjuu8frVUBkqetbqj4jdB,No token account,Could not find token account,NaN
8MxQ7HhUs8QMrYQTdUY5HfxRrfYe44WPYgSajrQtnPkL,No token account,Could not find token account,NaN
DBag3V8LS9EFezFkMuR6CiYg7JNMoekZcQWpkYRhoTUK,0.000000000,4500.000000000,4500.000000000
24yxR1qED6hg2xzhbZE7tHw6dCSmYtBRVkvfzME4kpBY,No token account,Could not find token account,NaN
AYZyrBQga36EE5BfmpJUASRUSsoU3mrh427bo8wNvgHd,No token account,Could not find token account,NaN
59uuJ8uAXXX7fETc9NJQM6Az1gna2cgT6gRFS5t4YB7B,0.000000000,4500.000000000,4500.000000000
EtD3kfy2CjhjkNjue7ANy8zhJJmz4RU5NwjrM3Di6vka,0.000000000,4500.000000000,4500.000000000
5SMiriFr5aLtmDU3eoTqtiFr5Z4caJvbz6DWNckmCdrr,0.000000000,4500.000000000,4500.000000000
GexE9haUDVjSQPDHwJTwUxKyPgb7f5X81XToBXRa5iEg,0.000000000,4500.000000000,4500.000000000
JD2NHN923hQbf8srWVePVENLufd3BvCYExZLrytonAG9,0.000000000,4500.000000000,4500.000000000
9MPEA9zm82kmWLvRj2AvV4B5QdgeChkoSbbSKEMWXeTU,No token account,Could not find token account,NaN
4VHjhLeDj4Er5d3Tf8ivr37hu8phYuKPAZhYJR6s4XFc,No token account,Could not find token account,NaN
4znM2WNLYCDW9NGfBmMijzqmkjarMZ1VPSo9D6gFkXSW,No token account,Could not find token account,NaN
cQmbM1MPHANxwjR6e3jdHL6jwGEegcTRnxycXjpxgJs,No token account,Could not find token account,NaN
EG5yFA35X4EPf5KrxKNj7xJrZofJkkW9J2nh4oyUNgtN,0.000000000,4500.000000000,4500.000000000
GdqgU5GLGh4avaWwH8ouHKPQ8aJwVcBmVmvVszEwFoJb,0.000000000,4500.000000000,4500.000000000
9qCAzeT64J3sD1eMK6EJd4pZtaPMQv47AqG4oJajmWvk,0.000000000,4500.000000000,4500.000000000
4483varzyHmEK81qTr9cpc87UGjMmbpT8tpku24CrmGa,No token account,Could not find token account,NaN
81ffYtFGRbGqopDS9MrfDD26ghMw63PmZT592roYHrey,No token account,Could not find token account,NaN
AQg5R8xqGxyxVeq2XSQThkNAfpPdBtYY7J19NCeWz1TQ,No token account,Could not find token account,NaN
B4s2Xi7kNMCdZsr6zGSuEDiY9bdEJtJDQPwZgQZetYfU,0.000000000,4500.000000000,4500.000000000
Gm35RRt5nWZdvEKyMr1vrSGw7c3eUxovAqNnYBn5cvNT,0.000000000,4500.000000000,4500.000000000
6DU3REzs13qYNM7BwknRXUxreKACYWzSDx8vf8Rub3pw,0.000000000,4500.000000000,4500.000000000
98yFUKc5yU8A3B6Zxi7Lqtc3RfPXWRVM9UZnegad7MPH,0.000000000,4500.000000000,4500.000000000
51fDBZoBPtZ9bovo46S2aCbPvUdkJmWStD6fGtoiPnFS,0.000000000,4500.000000000,4500.000000000
aHNbGtsifXFqQo13KH45SY3zFzytwcAejbsqxN8a65Q,0.000000000,4500.000000000,4500.000000000
CibJxocwpPDmwD7VuHYfV4YmMfc3AFJRUNdyZvByZwva,0.000000000,4500.000000000,4500.000000000
H8ozQt3qCK9zmvUnVHzSDHtgDsB7KaFdRp81W6Qxu5Rk,0.000000000,4500.000000000,4500.000000000
4qbW8UWU3wzUWLCTe3KvgbhTGLqUx2eQa9yzFCdGTcrq,0.000000000,4500.000000000,4500.000000000
4tYqgZd1acQ1K6i61suijNqyZw6X7o5d7U4gH3CYcVvz,0.000000000,4500.000000000,4500.000000000
FCKQRduD2APA3ytxGo3kDZvEWe2xEq6BJe4c76d5j32s,No token account,Could not find token account,NaN
HiDMB25qe6hu186ySxKWAUATj3tKTXQsh9CzKkx8aRRu,0.000000000,4500.000000000,4500.000000000
qvuG3Np443gvfEvSHGFhrHpNWYFJMuJ2hBwiiJtH7cL,No token account,Could not find token account,NaN
26wRje4WChNZdaoj1JKyQUhHX28Akf8sJCp6ZugbmuN1,0.000000000,4500.000000000,4500.000000000
5fgvXHM5g9974NjjBekZi3yj8dVFNpibWi3Lt3qJnNR,No token account,Could not find token account,NaN
4CHLx7WV91aCN6wVsaiQt1SsePGjBN7rysS8jiCEHMJo,No token account,Could not find token account,NaN
Bqq5z14nMKyWBzgR9QiQRazqZxGgJEQeLMr2GEwuescT,0.000000000,4500.000000000,4500.000000000
HNq8hASPm3i5jSvrRUUchdukS12V5omQE6GNUMx6PfvM,No token account,Could not find token account,NaN
6y3jz55qWgdCRkVgTh8JSEnmYtkFKt5p9Ksf2NKiihsm,0.000000000,4500.000000000,4500.000000000
4vzcFEADCwT7zyLLGZ29wLVdwzNtoVC5mm18tVxmsxjf,0.000000000,4500.000000000,4500.000000000
ByArbbmvodKsF6xhaGkwN8qaSFgZDGTnfBH4whrXwbWA,No token account,Could not find token account,NaN
G1FS53cHgd7fWhYuGvxhZ9Vg2aVmXhpHg7kZYEXXKyfa,0.000000000,4500.000000000,4500.000000000
3B1E8ckneGeJPCSxkb3oZmDMqZTMCp4eXZUh97qMPAMR,0.000000000,4500.000000000,4500.000000000
FQguZg5ySK8WRqgd6jv7JU8ywns4Rrq9RVmZhYHxvRPu,No token account,Could not find token account,NaN
6Su2JLCsd9WMbghXSo4F4y7hJzCmrrWj8Lvrana5rFy5,No token account,Could not find token account,NaN
VzQxKrBnz4HSHbpmhmpq4NZ3PmMN8ZG41HeDMgBS1To,0.000000000,4500.000000000,4500.000000000
3iNc3rGmSMcHP5YZa1PxWXx62T5tUZCggo6JcXF7WZP2,0.000000000,4500.000000000,4500.000000000
7HYYmzgpbpNBnopJspA4m8qc1N78AzsS7P6DsnUxutRp,No token account,Could not find token account,NaN
BgbwxmL9MWGcgA5z98HtCamR97XMGUhGGLvJ4fZ5aoLC,No token account,Could not find token account,NaN
HiQtgYetHE12dJPxqDofTroJuYKWjLP3sQQvJYSEGVuU,0.000000000,4500.000000000,4500.000000000
8BqNTgDaiH4BFK7VwrnNqbcQzNnsZkqg5sxmGt3CJisH,0.000000000,4500.000000000,4500.000000000
63eknNk3pbgF7YarHKvvfTeN9yojDyQxcw9fZZUt2HoZ,No token account,Could not find token account,NaN
7dGqxww21fTdbz2GjLCo4RwHakggoYc2nyPhb6nQ4Lik,No token account,Could not find token account,NaN
8QSPHS9nyiY9njoZAn1XoxNCtT7qAibBw5zSL8DHJY5d,No token account,Could not find token account,NaN
C32S21BV919mLicBwBfgjR6bPAdVNGEnSJCWmK4WeFUM,No token account,Could not find token account,NaN
BXYKRRkf9VuWwdbTRpgSyGQuN1kDvX4fi19xjCLV3mpE,No token account,Could not find token account,NaN
G1AZ6dW2L5MkbBch1HmnCfTDsqS3JnDGqAFYe6Ueoyzn,No token account,Could not find token account,NaN
9jH9nzKtgL1BRq2N1Gc3jUKSBYovrTSYbh2oZyRXzpoV,0.000000000,4500.000000000,4500.000000000
GkEUNnBCDf63SY9TWfyyrJCsLNuAgA6gZ9GwRMJv3y6G,0.000000000,4500.000000000,4500.000000000
Bq2htsnK9pNHvvAimEwvFpB4hyffdyepQNBjsePUH11g,0.000000000,4500.000000000,4500.000000000
HvMR3hHYYXUkNhMLnfEC6f7RnTdSCRe82i9NVMuCKV34,No token account,Could not find token account,NaN
HUABPKAcEvtUKHZpam74jQQunuKzJsNAjR3cxJZ3RfQV,No token account,Could not find token account,NaN
FWbZ4gqeiHdjxKYXL7MUrZ7ZAJh5v62q3eEwLsDLp4Ki,No token account,Could not find token account,NaN
HPUPGDoMbGWhTyqcuq5EYhafX4wncJzV3UxbUgGxnrTJ,No token account,Could not find token account,NaN
48yKr9SiPmWsz725pUUTHZbpRcjkgV44BGjikRRSAMRP,0.000000000,4500.000000000,4500.000000000
C7cqsT5fytCeefBYM7MUY55YcNwE5pS4gp1eREHLAN9P,0.000000000,4500.000000000,4500.000000000
FUbpHqoHdmx5hSCft2S6eH943YjfmyVQaeTHjCdLT5ki,0.000000000,4500.000000000,4500.000000000
Bwh4QL87kP1N9W1ANCu1BvoF4yMQjUXrM4CqwCzPRmtK,0.000000000,4500.000000000,4500.000000000
91HR5uz83kgXd1Uvbgx2Q55vWxamFyYiYUseG3oHbBX9,No token account,Could not find token account,NaN
E5sjhXr9fvqgUhrnhvW42h4c15XmCTEFU8mtSCcBVmwo,No token account,Could not find token account,NaN
2odVfy9zzYyfCXzsAiVYcwUoB3JDV2rrFbEtqUBerB5E,No token account,Could not find token account,NaN
BGTBYRoUcrU3ckFtAhq7ASnjr8KLHtQf3oAjGjnHDtrp,0.000000000,4500.000000000,4500.000000000
ZnCM1t7kW2RiFk1bBnUYsiDMvQ6hRz18u1RUJHmxBwA,0.000000000,4500.000000000,4500.000000000
6bwPVxNCa4L12441YLaYkdYbDcEqhXg1GiVmkmrQZyic,No token account,Could not find token account,NaN
AoCvntg12UVjiJXwzJMFTimo9mc4qX4Bmv9fPS7SF45g,No token account,Could not find token account,NaN
C7TdtaERS9umb4hQLDmTcopzL5F561cfS7f9h2NYCDdY,No token account,Could not find token account,NaN
GZpcaH48tyrDvEyNygtY3AhBpGKwmJnm5rUXbyzaGSU5,0.000000000,4500.000000000,4500.000000000
GtJjK1UNmnAs1YtpU2C35TXVptHHurEycBnsxWJbFKmK,0.000000000,4500.000000000,4500.000000000
Kbwf9Ki1edTfqmEvEdvc9icRUk2nHeEzuYHpJNSf66d,41814.297540655,46314.297540655,4500.000000000
24yC9kPrNWSfMQL2KbR9Hp4o6ZEEofBdnC3uGtU5udTi,0.000000000,4500.000000000,4500.000000000
3RxE1hme2DDGsuDPwgvTFumLuaLXmtR7zBK26R3DPWcm,No token account,Could not find token account,NaN
45LDFNkGHRspHyqT5uHxjytLgTzyUQ1LCGPhZzAHufp2,0.000000000,4500.000000000,4500.000000000
G8x4ctDKb1PPAMBYEdro8SqdMhp8VCxGsE8ijpR3b5eE,0.000000000,4500.000000000,4500.000000000
5afqKvwm6Ei86hmx62t198SH8gWxZFWj3fQEbvj68RUo,0.000000000,4500.000000000,4500.000000000
4mWs63DSHMHAZChzdPLvZPGdtkquPE5CJhvNmhuCtMSU,0.000000000,4500.000000000,4500.000000000
B4P2MShkhcGN23RuDk5CMTE77sdARy26v9XLcCXU3jsb,0.000000000,4500.000000000,4500.000000000
Ejdud3FJFKHKsSxiczNviVhfxP1zRGXH1rg7sLaCp2uG,No token account,Could not find token account,NaN
HGDDegxaR3x2zdnbuTG9jwzDj7PGiL22JRaD48XBwhFt,No token account,Could not find token account,NaN
6f4MyKHnYqLrQ6THFn1X3V2wVqJeQJNiFxGJRGWmKPzu,0.000000000,4500.000000000,4500.000000000
HZ45Y6AkJ2xh74FByCj4zPZYhh2Xs3JHEmZ4XonYfEd7,No token account,Could not find token account,NaN
8B63QKrF8NVrMCRDwsE1WZCsd3rX5ZwXRywEKiojbEMe,No token account,Could not find token account,NaN
9F97YnXFtBaHxvNCkSuoMSggRUJBPtUddj266TeBaiZf,No token account,Could not find token account,NaN
33Qptwm5BDkGoJtFKiUAs6BNb3DAM3EZbo6vyt89Mj7e,No token account,Could not find token account,NaN
9KgwgoMYW9RPpMM9NSP55q6CDeE6rCBeF5VcaLtbcJ41,0.000000000,4500.000000000,4500.000000000
KgUR45QpuimjDf2SH498M2iUpu6jSGvGHSvbaAtuDdJ,No token account,Could not find token account,NaN
ETgdguX5QudtJrtddU4Bwr8PYZkn3GWvHBfV4oAxdDTy,0.000000000,4500.000000000,4500.000000000
9FPuetZWwSxsvKW3xaBEhNWzK5izzMb3LrGD5F3gy3Xb,0.000000000,4500.000000000,4500.000000000
HhtuRGLoxARJE51C2zT6aaHCzU8MMoadE1dc2LXP7pom,No token account,Could not find token account,NaN
E6WaZmSZRGQdLWLsDFjm8pmr2qy4LAmgpnXiGYwFeEXS,No token account,Could not find token account,NaN
3zJHZkRGDqzjNXECX23WyTdr4d3EaisUPHKrLJ66uuJj,No token account,Could not find token account,NaN
76stTCRga6YrBa9HcmMAnVqfreJQCWuBcRdVJPKvSzGB,No token account,Could not find token account,NaN
5ZNbPWf8xZnXZ98gG1SMpc7xWAewN91KasseuNhTRL7v,No token account,Could not find token account,NaN
6DjmrnuaUjqhfcwsG82jfaSgMPwqx4EtP4AQCCGGuH5q,No token account,Could not find token account,NaN
ASYEwGKNoix9HWQ5q6ivuToJK124yqcy9ETAKQDKNw5W,0.000000000,4500.000000000,4500.000000000
59CgRKPfbdXcz7qy3EaTaFyE1pp3VeM9rFy6p3ce9Bs2,0.000000000,4500.000000000,4500.000000000
5kXUm7M9jsKxGs1m8z2A26XTbgXt7kJJSBXdGhyBgKgQ,No token account,Could not find token account,NaN
8nf2etzxtaYEG2dUFwxF2RXVz6F31m8ZmEi9Ar5UD9Jx,No token account,Could not find token account,NaN
9CTpuWvVE68UX98AMLBozrrF35GKTMeHBE97FZEArFYh,No token account,Could not find token account,NaN
HX4x2R7VKXwrAHGB8JBeVaHPRRpdTbx2fySUuqDC24tv,No token account,Could not find token account,NaN
CwVNfiSeE3iYNxwBASrJDPqBhjFVVPpcny7jjMrWuArQ,No token account,Could not find token account,NaN
7Lew7WQwdAwbxmm1CYYwwnSU59cqB54ut591u6NG9en5,No token account,Could not find token account,NaN
3TdW5jvCVmsbrpzdTimcwd5vJLPX5GJpUdF64KZsLhjc,No token account,Could not find token account,NaN
EvwKFw4EuYHxVpJYu1FHnJHNpkQ7QB2qJ4G95HR1GYoL,0.000000000,4500.000000000,4500.000000000
DT1ZerVirVzzf58LbSd25cFXZz7rcnLCXEVTdrSQhbBw,No token account,Could not find token account,NaN
CyKrk8PRPQ1f4vLzZWFgeLMnbs1k3YU4LrMmT5TkrLNo,No token account,Could not find token account,NaN
8V9E4K9mrKGuKjuzqYPPUvJhHiCogR51EehwtRhqcpze,No token account,Could not find token account,NaN
CbNxALGkGvhm1Moziq9GcqfpS5bwEaKHxc5KeAPk68Du,0.000000000,4500.000000000,4500.000000000
7CHCauVpW9miJzJgenpERLLV5NxYLtgSN9WZc8L7yDy5,0.000000000,4500.000000000,4500.000000000
HvUPGhSqCegdHjKTkE6mqQ9JQHzCM6NMppdiS5WtWTjh,No token account,Could not find token account,NaN
AmW1AHR7mreK6cZmYhvxFLTXceS4ixtFwm3GqvvqbXaR,0.000000000,4500.000000000,4500.000000000
EgUCdsZ8wrcvr9yuRAM6aarbRAwRya7oX91zcPYazUNi,No token account,Could not find token account,NaN
9J3p41cRNTn3XCBjQPMnrNh47ccBJiae7arVkfRaRkrA,0.000000000,4500.000000000,4500.000000000
8EF5yXovy8EyPY7vdE2pXZJTLyJna9aMjMpfv6pr7GkR,0.000000000,4500.000000000,4500.000000000
7zuJC4zLtdf2WxjuZvY29gD2uh5KHvGXrrtzjewKeeHa,No token account,Could not find token account,NaN
GAKqZeDZ2W4pnLmBdEfnvmuz4QRLCL7S3b4W4ckRZWK,No token account,Could not find token account,NaN
BFRaWsBp6ffooA6SKvHWvEfEcXmrXRULqsQTe5oD8TT5,0.000000000,4500.000000000,4500.000000000
FjpuWwTq9MTJdLyKCF6pEbS9XkB8JDj3HQBzXusu5nND,0.000000000,4500.000000000,4500.000000000
5DoqmXwDE9CioxG9WGv2XQFekVM3L65M8aYvbKJW4DY9,No token account,Could not find token account,NaN
FFFVU5cvQqMhmuNfqkfWa9WNZdTkphEkDEtpfPpc5nh9,0.000000000,4500.000000000,4500.000000000
BA5S81VHe715EH4u8Z4Tn6vevYtFWUzByMiBdX1hR8xo,0.000000000,4500.000000000,4500.000000000
4XFj5HQCJh1a6dfQbuLbRErSkVU4DzL6eWifjS3pG3op,No token account,Could not find token account,NaN
FEvmmPTUE7t7spGLMf9rLF5iQ4FXadTcxaMajuZNfTkA,No token account,Could not find token account,NaN
9ieN824c9HL778mm5LAKm5sDuBQjBVbLZBAGhBKThymV,No token account,Could not find token account,NaN
wWD7yXKKy6Megcjz2ctimEZnLgVUMTYQu3HTRMQKqVj,0.000000000,4500.000000000,4500.000000000
GXn4SZ6zQ5RmfHD6ayQ6NvLZyKPqpqYJkWJ9qCv4zexJ,No token account,Could not find token account,NaN
BrJcVGdYTVkiag1oMH2FGRo9z9G1omaGRB1NQcBDUsr8,No token account,Could not find token account,NaN
Guw7m3zyEPRD31KeEK2yyDzo3A3RC3HVJFg7hXXbpp5y,0.000000000,4500.000000000,4500.000000000
7oi28qfLLw135zEkBBFu1DnyqZPyTh42pfVgfxh5FsKz,0.000000000,4500.000000000,4500.000000000
UkNfNFK4vj2R1ogd2R7GZkTjrf8fQeKUzAANhE36vZy,0.000000000,4500.000000000,4500.000000000
3QsbDi5Xg4pjNedCenyrpZ6gprAjAEUJoCQzc3FMcSPz,0.000000000,4500.000000000,4500.000000000
9W97KdpoMxJ2w9mQyY2eMiy4Ea4CXHak1b4isfSCRyzX,0.000000000,4500.000000000,4500.000000000
2EF58wSJabTxZALaYeicHif8DomAKsJ9ZNR1kFSkbD3w,0.000000000,4500.000000000,4500.000000000
3XUdLaF3bNPrMYBrsAmn64KrDhcHNwJF8qJK5XnnYWKB,No token account,Could not find token account,NaN
9xdKRECcQXHVFgmnVNYv79djs9azcEjp3ke1G4johPHU,No token account,Could not find token account,NaN
7pxpp8S4VhKzR6pbhde2pCoZbMP4YSk8nuVRe8jKR1La,0.000000000,4500.000000000,4500.000000000
3jbDWeRd6zn6yNrZfd8ogUPdWGh5UCL66dkbkAHpqRMP,0.000000000,4500.000000000,4500.000000000
GvmBLfszUAJrqvAYQKHhdmbgGYoucrYgPzGmEEhzdVMh,No token account,Could not find token account,NaN
CUn5icPkkHFoYWtATSt55XtCTYkDVd9D8HhEL3WUw1ki,0.000000000,4500.000000000,4500.000000000
A2vkuASMaWageEoBduyBWh6KUZQ7eoZZ3ffg37DAS2h4,No token account,Could not find token account,NaN
H92eQ4MbtczEnUxR6bsGn5ENuTrwiKK3brpfXTQs1iS3,No token account,Could not find token account,NaN
Aa4tchEukBqxLJpKQCesyejqoFWr59cFgNWKneShrcMu,0.000000000,4500.000000000,4500.000000000
2HyrcfB68VErngVudhxuKrcXotzYy7Hvy4D4WGH6xxmG,No token account,Could not find token account,NaN
CKRzSwoACY3bEsDL5LwtRcDzFNNSdXHTJiHcW4FT16wS,0.000000000,4500.000000000,4500.000000000
6AWP78TRFw6EJfCQiWcGZXiXBjjyETFK8fAUY5R13j8,0.000000000,4500.000000000,4500.000000000
A7hkFb9keJm1wmgHfCXdqjKFPeqCHCZ8rQ7jMpbupppy,No token account,Could not find token account,NaN
4bHUTg14edsomPHw4MM3fEE7DXViWroVZ3K4hscw7zyT,No token account,Could not find token account,NaN
GvMKEXNfx2vynefQkXyTXhoDUenzNVzwLkRy4e652Tfe,0.000000000,4500.000000000,4500.000000000
GyKJupTkSFLCvKMLhxjRQvM274tM2UXGaubqSWSGdAp8,No token account,Could not find token account,NaN
69DNVCbUuBFj7kBgo7nXNc2PUufLuJV8vu1JArsjbGiM,No token account,Could not find token account,NaN
FbW7wRXeV554Y8epgqf8qwaH9Vzgrso7khAwwL5pQ5w5,0.000000000,4500.000000000,4500.000000000
5pZSoKkfxzUJLsGqtcjowzKYCRkR97jfcvE9p62cxu9Y,No token account,Could not find token account,NaN
3MSowGh7y1dJwyrNkBJyPZwcf8ibLsP2p9hpchC9BVY4,No token account,Could not find token account,NaN
5PrGvGDt9iy3hb5YevnYB3dDGHpTBLwPBJ6HdrVUhMVE,No token account,Could not find token account,NaN
7rGZHxGwDPv5EjtiQCum98ZYAUMym4LzSPPBGu8B4t6b,0.000000000,4500.000000000,4500.000000000
CTpmeH6YgErvrNTDMXHv8L7tJvubdyz4K7z1PpQJduoB,No token account,Could not find token account,NaN
6SPCU6D4kvQEeha4gPkzMbgDnaiycFQAhSojXPaT8HWv,0.000000000,4500.000000000,4500.000000000
9FNzyceaXs8aMVx1JGiTaBwqxzfe1YJYp7uCvMjdTQKE,No token account,Could not find token account,NaN
rQuJssmeZMgaAEjPdaWg3nWhtPoKKqsjuTw6F7s7g6X,0.000000000,4500.000000000,4500.000000000
FmQ2adCcppxT5MATmzGDiC3e9nuLnMH2EmMnGtvUZr74,No token account,Could not find token account,NaN
EDcvhpC3xqBsQFvaQ6T2uBd4g9ie66aALipTz81HN5F4,0.000000000,4500.000000000,4500.000000000
2zQB2wwTokDdHKzaxRC87PfYD18EjcUaQFv8Cfu4Gfxt,0.000000000,4500.000000000,4500.000000000
JDm8PGWn5GnNd75tQ2zBh7o8rapC9hqUfv3gtZ8rJWKu,0.000000000,4500.000000000,4500.000000000
B1wn18q1qZSahj4jwptiKw2H6yy5nWpiUnAuEMwb7Z6y,0.000000000,4500.000000000,4500.000000000
6m4pw5EoStBKDn2N7yPtTF4H3YbdEXm25crYz28AuGyE,0.000000000,4500.000000000,4500.000000000
F7ja5nFKriNApnd5mGMoetNih8PyjUmfPPkB1XW8XtxA,0.000000000,4500.000000000,4500.000000000
yQQ8CUGaGkYSj18vVudBEXKxbqxL7QaU5EYjgcnPxXe,No token account,Could not find token account,NaN
2WBPVSkGXF8qnnkQNUsFrMYN7nxKc69FmNh5po2uwRsk,No token account,Could not find token account,NaN
4X5i8JejcRSKeAx51m4C5b44F1i3u2yHebmwqc13GjHc,No token account,Could not find token account,NaN
Cvce7J3mdKHoGABeyuQjCokfdYtHjLeSNDXS6PUEQqCC,No token account,Could not find token account,NaN
6yWwZooVKCMg8HjHSzRt2ZGL3M4BKYSkDkxnceXiDKnU,0.000000000,4500.000000000,4500.000000000
HydNwGQ22SYtGiz4zNwhrnLKrqryN5uZBpTeDMXZsfkG,No token account,Could not find token account,NaN
9LP9sDXt7S1VBCXYPi7vphVXhRhwMup1f7W2FkATMD5a,0.000000000,4500.000000000,4500.000000000
9BmFbW5GNTYwdD8nvijkPKhoW7PaM8wSfxaZZBk8AkNK,No token account,Could not find token account,NaN
CKnzQqVY3fZvFms6HeMb872NEyZWcsG9hXGcDmrjoYQ2,No token account,Could not find token account,NaN
42BUPi332boCRxmRr5YHX6unmk9CFYrnfbzrx2da4jVB,No token account,Could not find token account,NaN
5csD7DpLj7FYGWzLx383nFffC4ofq4PyQ5X7qmfq91rw,No token account,Could not find token account,NaN
yVZA1TuDxAVvKoicSnXwyDH7YZoQv8naAWwX6tFWmhG,0.000000000,4500.000000000,4500.000000000
56qLkK1o46BcZJtT8NF7STHfQFjWF4X5RGr3HNQNXgx7,0.000000000,4500.000000000,4500.000000000
FSirh5RUkb8sBT7yxH8uAMDCZA6hbgeGsEDW5qvYTSGw,No token account,Could not find token account,NaN
2i5E5bXB3YqHQCCFAxVWncEFJPN3CSGNSvEU4AAA3vr5,No token account,Could not find token account,NaN
DRQ28onq8httgTQLnkYrCB4xtnct7QMa5TvwjxsaL3Cp,No token account,Could not find token account,NaN
6mD3HSrrWJRPuDPzT2xoaCXeQ8iPu4BaUmTVkzUkC1RF,No token account,Could not find token account,NaN
HNcUtKg22bQhCUdM3cKUnwuREFEF6Br6uv3QxPn8PoJY,No token account,Could not find token account,NaN
41WjakDKVTkMwKqcK3fAH1QF44GTmmvkkLLuR4THKC9Z,No token account,Could not find token account,NaN
SUWUmc9xe2idFPy3dZbhng8McsuG3KmFyodMzRin9DJ,0.000000000,4500.000000000,4500.000000000
3E5epg537YQbGucxRvzmxPzVhQUyMPHZ4xFcdL785pjH,No token account,Could not find token account,NaN
7wCj5z8sriMpBuA5Be1YiEa2t8rNEXL3xcYpXNhEmFHT,No token account,Could not find token account,NaN
6PF1qht6LFnENAV4kUJ7SneQMKYEDLyXV7gTBEmZ7PX,0.000000000,4500.000000000,4500.000000000
3MWEsXdVuwpko7QqkrYne5WMURXaHuGihGV3ZKxMhAbL,0.000000000,4500.000000000,4500.000000000
EstqmUsw42UGniHeEXGNmS8tfQwjDBGqCVVW4Jhj7Mu,No token account,Could not find token account,NaN
6Totd4A1W8uUgBbMS3p2rceKFPwMhf9pdj4mNhGjqxBo,No token account,Could not find token account,NaN
BbEkAFzn5MjjYWPiFGRY1n5uxMYnSmH9AHooea4j6dnX,0.000000000,4500.000000000,4500.000000000
4r3xHNnD485Jb9nL5Fq9qRkf3KaqpUFx55deWLeryLpr,0.000000000,4500.000000000,4500.000000000
8iRaMPCbdZ9ek8Co2AxTyXy4yUsypBGubtwCdXZGDqmY,0.000000000,4500.000000000,4500.000000000
2S6VUJEVjjvVAqMGzTM3tDCR47bm95pwGTEsXTnW43Zp,No token account,Could not find token account,NaN
EJoUBuHVJaCcLy1Q8ZiTYHPVKo1R1LWQG4ZL3vRiAUHC,0.000000000,4500.000000000,4500.000000000
4hcrykHbYT2GfqrT1q35UMMo5k276KSGf1t9eNAxQFd4,0.000000000,4500.000000000,4500.000000000
57FLgFK8WLvCtrgfAvfReFh74cfVmQZbeCENybaXDMA2,0.000000000,4500.000000000,4500.000000000
HSx4Hyu7njecqo6oSkN8trc6UCepTjnJ2cBLocFmWME6,No token account,Could not find token account,NaN
6ocEjw76CQHj1515996sN7nzKVhsuZCLJTdTAK3Umzrc,No token account,Could not find token account,NaN
HRkfyJMj8ZVtFCXpmRHJdCpx2A7y7aCAMYFRqFAcSxLM,No token account,Could not find token account,NaN
4hKQAATH4qWLQ6YmHh1EpQLC39mwz7sX2YZvsUUWBSmj,No token account,Could not find token account,NaN
E7CvH3CxsgDrLm6EKD14u3qqBLfTnyYQNa7ornGtzk9w,No token account,Could not find token account,NaN
H4oG8SR1k8BvKVeD4c4yPjmuGUQdPiK7Fd2XDr8kAQPM,No token account,Could not find token account,NaN
6rCrXA57zz9DTt7LEGPFB3XNv2X6YXLPaPyg8kXhZkuZ,No token account,Could not find token account,NaN
BkAgJxKTx82tjGuuYiiMc2QK2gqsSNQg9WND95xbQcBb,No token account,Could not find token account,NaN
2SnHAfH2N2wQmYoVKdrskSAwU9yUcWmTkAPsJwAB5avi,0.000000000,4500.000000000,4500.000000000
Hb7CkMFTDgXKH9KKEowhCfeF2qWDRWuZeCmG2ayJ2dMH,0.000000000,4500.000000000,4500.000000000
7cvsQv3vnEYRXvYZqSFzMducoontA3YU2ALiJRgu4zYq,No token account,Could not find token account,NaN
41mZczJtMCcnpsfk1fhhibZnd8oAXqRQeKxTF7PSip2m,0.000000000,4500.000000000,4500.000000000
EDgYRHNaiNg3kgSwiAxHv5XwgfGv1R4vAt3Na4nzK8A9,0.000000000,4500.000000000,4500.000000000
7RrtsxYynYKDFdJQ4oXpDDe2wDsvCNte6GYYNAer1rkN,0.000000000,4500.000000000,4500.000000000
A8MbmLBqbDKBaJcGdMgDQgrG5DCuNGBUTLDoZSebKEnk,0.000000000,4500.000000000,4500.000000000
8AbaxpPmkaezEjA5nVDegB9DiEP756U1msqcGvsqh3gS,0.000000000,4500.000000000,4500.000000000
ALmJEaEiXeBtVmLHwBFP2MbK4MzfHcfEMihaCuktU4Xr,0.000000000,4500.000000000,4500.000000000
Fi3n7Rk2xZ7vxxRFY1mUASckmHWLPzVHZdmu3YoTNBCh,0.000000000,4500.000000000,4500.000000000
3WtnrNPsz4V1TgCb5iZotSyFhK2buu1vbgXJiJ7iukb2,No token account,Could not find token account,NaN
DuaXRYBuBuDRJ7EL4AD3aWaxQow4M8Fw6Ef57ATQtoz6,No token account,Could not find token account,NaN
D2vN5eftmxWjeqrWCqURS8XgnsoPTDdJQEXCve2JYPBh,No token account,Could not find token account,NaN
6YJ1NyuK2gC2BtPKBfNt3yY1nVDs7mCZMTnZipnB3qtq,0.000000000,4500.000000000,4500.000000000
3kXk6ayMwj2N6NSH6hv3jnP7wkBq5FaSse9yH6zTKCan,0.000000000,4500.000000000,4500.000000000
2ineezuctuVX2kYUEmHJXaHjtWRqsMLayNAcWvpm8uD9,0.000000000,4500.000000000,4500.000000000
256rhPBLjjYEbZ6GbMmJUi59ZNtjDSy22D2mKrxhYGN6,0.000000000,4500.000000000,4500.000000000
DBcLdMQhYJWNtd1SCqXzRyDCXriVDYrsAobrABwXQ7LS,0.000000000,4500.000000000,4500.000000000
5kh8asNMQT2LrzwCnPKjr8yJKzdVawjKB8BBkEheT6HL,No token account,Could not find token account,NaN
DcnqSve6EiiSyXke8PQF7nCh51A2KnU3BmmWUbCs4WDP,0.000000000,4500.000000000,4500.000000000
BSexYjVToXndK1Rdz8eAvYdu2So7u7dqC7CK9sjmA4gC,No token account,Could not find token account,NaN
FfyVm4Tca58azptBZmJJ4unMZEHzCPAswJv6nZ8NExCQ,0.000000000,4500.000000000,4500.000000000
8YUUg2Cxv8XCR9XhzBBeTbxgEu4ZduRtuKDfpym8na6L,0.000000000,4500.000000000,4500.000000000
9CE8Mx9oRNCeWGwdkoJQzbzTmEkQmrHrhsBiafC6pHqL,0.000000000,4500.000000000,4500.000000000
8Gp3DmoaTXgHLCwg31kLeJQJTCtutCU5iQuqeum7A4np,0.000000000,4500.000000000,4500.000000000
GMCv1n3mwbKuZXuENT7MGbDazChYj4wgNHZZNQDudBV2,No token account,Could not find token account,NaN
9AnDatCowgtPFhdAvgyfYaUVkEvs4ZoNioiL39MJJpfZ,0.000000000,0.000000000,0.000000000
9HkkLFp3AXnMKm2Mto9mVrrL1VWzfXf4GMcHUWuPL9WY,No token account,Could not find token account,NaN
D25ZLzJJMJkpeKBJ3NMsYoUAxghzYMF5uyoPAV9XG1mM,0.000000000,4500.000000000,4500.000000000
9bEkdixhZEdgn1GhZd9DJvxDidQ9zZ6oAujc7JLKdYU2,0.000000000,4500.000000000,4500.000000000
7SUCnMdN94rEzpfYv4sUkfFrzRqXSRoV1YNNv3cVYQGG,0.000000000,4500.000000000,4500.000000000
5i2dvCk5FyEPkmtugjyfbQ6gc2PQLCYg6wWPLt2KbMNY,0.000000000,4500.000000000,4500.000000000
DUPvyrxqejWi5n6eKtBLzQhazVj7XjRJBVRqxpKaAVJo,0.000000000,4500.000000000,4500.000000000
CuhsYotPSquDPJNFi3VerZE7WouxuC1xKMxBRcVmrcEa,No token account,Could not find token account,NaN
6mAvyBWvEM8yHyUG9MSKfq7KoTrSRgVnQphcMC2EAtou,0.000000000,4500.000000000,4500.000000000
FEbqLJD69BBrKQQe9fEXppS6FFAXrUrAQY9DpMUF5nb1,0.000000000,4500.000000000,4500.000000000
4ZuV8PwKGXHJU7kQvzrAELhG6CYzEKoB793qUj1hjGrb,0.000000000,4500.000000000,4500.000000000
6gV5xe2q49DAvnHrQ8wkpfPY2NSapzmn1bHjSHC6qUA6,0.000000000,4500.000000000,4500.000000000
5nh8X3BwgLvSfbMxvsd8F3vpkYL7R9oCSYUFuEv66fJ5,No token account,Could not find token account,NaN
32Wajx9EPXXkZ4TktafdjDEVfd4RrzvkVZrAaf595V1o,No token account,Could not find token account,NaN
8gg2nzjzb9NNP7fGZurVE89K2m8pEVVPhuNtqH4kj7ur,No token account,Could not find token account,NaN
E1nyAXmGitKwtGFeotyS252eYc2zea4X8rp69EjTmamA,0.000000000,4500.000000000,4500.000000000
BbidnXjN2tYiXD2LPXL1ribCAYQ1hp1nvUSx7Es2YS6B,No token account,Could not find token account,NaN
6AYtq8CnPqZEw5ci1DhtHpJHtyWXBSrfaNwz5N39jezV,No token account,Could not find token account,NaN
FsbUbUhrQ4oPNaEG1Ca42uF9bpLknEUxGgUPD4MxfQ2y,0.000000000,4500.000000000,4500.000000000
7QMihTJm7apE8UQtBZrSV8N6UYQrgLfY5kwSrGCu9mQj,0.000000000,4500.000000000,4500.000000000
2sBXPLEazWJtGPct1xszyrwwQ7WJhD1R8YyTPYTnm8be,No token account,Could not find token account,NaN
G4cErPvzxXNA9TWDnmFtkeao2J8ekXTK6PyYsdcWiNfb,No token account,Could not find token account,NaN
5YfC4HSAnXJFUXRkAMYg9a6nPaP1ibkXfVdXa2WrE9ht,0.000000000,4500.000000000,4500.000000000
D6xe4B2KTt78oKvdiUjGZ6PPqKmUbdXA63vQF3QSrcu5,0.000000000,4500.000000000,4500.000000000
DYiPERTLaRfU2EXUPBX691eorRQt59w9Qu3TDNBQAYnH,0.000000000,4500.000000000,4500.000000000
7PZiXLbdQnpGUe277jYcJwKSrnjjmUKT2mUokfAAut97,0.000000000,4500.000000000,4500.000000000
38BqVut6HvjzdHzDkznWuGQZTiwJA1mdpxsJfUeWpFrd,0.000000000,4500.000000000,4500.000000000
Bd3iQ14YUcsqqzzu1cMsWUDUKyNvGQm6imLE6omid9vK,0.000000000,4500.000000000,4500.000000000
5MkXTjP2g3GQa1cng3xcgucCXhvd9xvter7nYWB9tMPv,No token account,Could not find token account,NaN
BYv3guXbzxUathQnrGTJbGNVT6bp8roS9RLjWFGStxUg,0.000000000,4500.000000000,4500.000000000
3xTKSf39VhpboNVmNZ6qRMrBKubgBvVC7XrrvXFMHTLx,No token account,Could not find token account,NaN
F6xfFXHPKip6tyLn4Ja31MBuYk4XaSbdByGLxF6vw286,0.000000000,4500.000000000,4500.000000000
CVQnDKcZ6XPfz2uAmQH9NGXCrVjRWsRGdKPAVnDVB9EJ,0.000000000,4500.000000000,4500.000000000
GmL4qsYmppG9QM7ptbTDHHEJGnCQpzo5VbUA94Q2yggb,No token account,Could not find token account,NaN
2cJ4sVHxoHuVZ5nD2Cn39yNH3CptSnPYzaHHWYRXPXwg,No token account,Could not find token account,NaN
3ZCBEZDiyxse7bfYeH15S3Shv1N6f2BycVTERP5iWiRg,No token account,Could not find token account,NaN
9UqKDZ5rPyDfT5zevJGaR9QAYHGcPAZ88M7qgWD2nwZV,No token account,Could not find token account,NaN
5ZxWASfJ7DF4zA3vRPoNg61iwsUyp6WF7sV7MGWewpuv,0.000000000,4500.000000000,4500.000000000
DjNKjfEcT2FYPtuyra5dz4baT5psp9y7YvuaHi8kTDr8,0.000000000,4500.000000000,4500.000000000
6cDteAJYWGGwgoUcZo3stsW8x8whYt8CuFPtngWtYUrm,No token account,Could not find token account,NaN
GAqv66opa1Cii1g3NVUvR5nxCGkHp2zkDVvjMidU1fWa,0.000000000,4500.000000000,4500.000000000
6TDyoVUb55rVVuHJw75uckpjj42UZT5dNBMNhtY2isdu,No token account,Could not find token account,NaN
DzTNjbgezg99BTJ3cTgimp3uDUCAK5zU7HHs1QgYa8DQ,0.000000000,4500.000000000,4500.000000000
5EyBaDnsKZ1LF4HKj6Ead37t8NmCY45hNFv8Z3r6koHy,No token account,Could not find token account,NaN
GgbfebAkoaXC61HwYdUax9XnyubSy8Jp7Bf99LwmRm4v,No token account,Could not find token account,NaN
2kJZvCS6H5Fk62gTYMZLDqYxNAZThktBEXraRCvBHNyW,0.000000000,4500.000000000,4500.000000000
F1DexmgWCc1Aj342VGYmb4zGBapeqFQxeXDvkDYmbZFj,0.000000000,4500.000000000,4500.000000000
EYaPUr6xh9BEX2HXtqUdrDuqadDPLhqQt7gHpzUftdBY,0.000000000,4500.000000000,4500.000000000
5KGDRrTNspraZ8mRrNWX5DsPieJTnQkaz3vWPBDYVr4Z,0.000000000,4500.000000000,4500.000000000
9Tftu1iJHwmth2QSp22QER4isFewT8RFK56tk79iJ3Ek,0.000000000,4500.000000000,4500.000000000
DkoFAMvGDWuAo18tSfSvFi9esKVm9omtcPE39Fn19oJo,0.000000000,4500.000000000,4500.000000000
6yfEqEw26W95LAqctENjrdKH99zuVs8Gkjn4pEjDyAzt,0.000000000,4500.000000000,4500.000000000
CH9TYUcQZDCgSwJkmLnh1yNdYJdTgbwQPaShswTQBUPJ,No token account,Could not find token account,NaN
CYXjKGzaGmhe4ZvTjVJy6nwGy37c8QFxSDvWkPNBtdgh,0.000000000,4500.000000000,4500.000000000
7BRCFBYzLCjLv1gLzxL8Yrm8C4xSxLZtnb5QHaYCVv69,0.000000000,4500.000000000,4500.000000000
2GqY2qHnZDmhjkxJPBa3xy8ewyZsSywcSKubzQUjdZzx,0.000000000,4500.000000000,4500.000000000
7rG4fHUNvqKxLtJmLwM7wAFYv9C1ptZ3HGVUzxnrgeAZ,0.000000000,4500.000000000,4500.000000000
EGfyMoBm9D354HfaHWKzHt1fipcQDKiJH9dccNAPnqV8,No token account,Could not find token account,NaN
6cCyjPbaWmM9w3hc8vyEEdNHSt8rcn7KiostWCugvUoj,0.000000000,4500.000000000,4500.000000000
GkNFArNxSTh14o92hSTK8vFmifzMotYseo4Dkznc5bvC,0.000000000,4500.000000000,4500.000000000
4NtPUPKAZ7wLiEzCv5CsJKtF7UP1QSjWqEb65gezBJ3Q,0.000000000,4500.000000000,4500.000000000
BP8swVyLCysYzQpkHb6rnjJLpKcWuiJW8LSAuYczwPq7,No token account,Could not find token account,NaN
HkarXcxKj4sfzGaA9TrQMXtBuRNSpbN2i4WxjSwEQJfM,0.000000000,4500.000000000,4500.000000000
864yyZqh7LbtHjMt2csoZZTryazVfUiRDxbVKyZhdQ15,0.000000000,4500.000000000,4500.000000000
2hJcGgkm1qDz3GfSMGqaqZZU5LdcBmk643Za3GWfRfAL,0.000000000,4500.000000000,4500.000000000
Af8CrhMLzubT1tPZZYryADyusrNoNhvnU8C85s9r9fFW,0.000000000,4500.000000000,4500.000000000
GcMTBfYffeLpUhPuL9cJNpaRLeJkQttkJLhz2QsxZHzG,0.000000000,4500.000000000,4500.000000000
9nWVFCRjAELzqo2NwwQWgfJv6NMABQVspeVPEqukZiEJ,No token account,Could not find token account,NaN
9iMYM4HmXb8m7L7NrFHSgty4qpeaTJrpJ3yGrMhZW1xQ,0.000000000,4500.000000000,4500.000000000
3Xj721PV1dF4rzbBb8hncZgZSzBQLK57fA7gFZ57e5Ry,0.000000000,Could not find token account,NaN
5ZepQyDrARdLMzM4i1Rg36rBAgLkn3jjynzycCXnTWp9,0.000000000,4500.000000000,4500.000000000
G9NSed9vwgwhzXXLxqRndm2y6ADqncDt5h6fTsDdtAuC,0.000000000,4500.000000000,4500.000000000
EPEd2ENF1sUDsikzGVcJvQo8KPg5C8C1yrr4DneUFam7,0.000000000,4500.000000000,4500.000000000
DPFNzNzcLAMUqAi5zQyn4bq4nc8fwNr45uKEZFEfTWFy,No token account,Could not find token account,NaN
3isLygDuXFU3J41uwXY9cL4hBkVR8KZhHJ367aM9Fwm9,No token account,Could not find token account,NaN
87im8o1iHVwtKavZfhUELY7VscQUq3XbkGxxh5pSVEy6,0.000000000,4500.000000000,4500.000000000
6EBws22uNHNbphrEjLNuQAc7SaMnwEnSkYukkFCFnJHu,No token account,Could not find token account,NaN
73ME7RZyEvMKMKWUcMrPdgJK1px5TYXrdJ3SmthGhbkW,No token account,Could not find token account,NaN
9bkpRHBZD4CBL1RLzfD9JLvUXZMyv7Qns4najZHGyEmX,No token account,Could not find token account,NaN
BUEpPBgbsr9f7ZjdNuhXWWbmd9U3TEQGgQbd98vk55tC,No token account,Could not find token account,NaN
7MjB4dCox1NLsBpdaWchYS5MVitsGxoTPAJskD41jaHG,No token account,Could not find token account,NaN
8ctZWLjqKbKNbKsVTKzsFUcNk8FsbB1n6MVgB11gpYRS,No token account,Could not find token account,NaN
6KkyMVMLpjpBRGiSPhTpwHuRMBpiYCaGMYVo5KaDeiYj,0.000000000,4500.000000000,4500.000000000
7h7mtReHzkqJYVPXWhEj39qLNpyFfpL2AWBWUVUJabkF,No token account,Could not find token account,NaN
2AnZZZZidWc6xe37e4iLhTdo1EqBn1wy31vJXPWLX5eQ,No token account,Could not find token account,NaN
GbKeqnoo7Ndghzaymzt1UxgLNJLRsxq24kGVkGjBXGUu,0.000000000,4500.000000000,4500.000000000
3CPLFGLG3f64vuRNGZAkKavFm7MkdrffPduWCC9CWGQm,No token account,Could not find token account,NaN
YaqCpjXYvo9CpX7CfHudwx4D2qeaBvtEJEa5TzF214d,No token account,Could not find token account,NaN
DFFsrRPuzebaRyg9o8qrkoWUye1verBU9tRT5rfiywyU,No token account,Could not find token account,NaN
5Dpt91dVf6DJVoSMam6d1qB4Qu7CTyPQ1ZwZroDvSpnE,No token account,Could not find token account,NaN
DehUo1TU537n3BQCxzLKWv1TNZKWLvpY6reeUb583ooj,0.000000000,4500.000000000,4500.000000000
52WYAKi6x5xz3SuoqHgzRyunHEXTUf26qYZyTMHAK5QA,0.000000000,4500.000000000,4500.000000000
EgatkKneNEfxA6CbunWjrZQD6kdxQQC7jbrx7kxv7Ng7,0.000000000,4500.000000000,4500.000000000
98VT4CfA6QeDmHqoUmx4PYUSpXti2haRR2CpG3vV6GEo,0.000000000,4500.000000000,4500.000000000
4P1HWC9zfS11BfoHSniuijKQxwa3QKvsw7Bur84fDJEJ,0.000000000,4500.000000000,4500.000000000
HUzH1aEQMsEbotcLtkSgJ7EN5HCdqf8JavrhMYd41fMu,No token account,Could not find token account,NaN
5EnZAtzdomEZQyDhvLBAe2vjXU7z8hEW1TYdHDH94QPz,No token account,Could not find token account,NaN
3aGaNjFa7x2F1dVA3QwSwXLHcxFyLCEXz6rSsWjufmhH,0.000000000,4500.000000000,4500.000000000
666mdL1AgdqpKxW45imc5jehqozDXybFyH584k4Y2gDc,0.000000000,4500.000000000,4500.000000000
8kv1ckFMyDUfzhtohmdY2KNdgXuWjTNYSXb55amY42Ja,0.000000000,4500.000000000,4500.000000000
BbZ2vb4DFes26ahitHFd2yKE6fTT62dJ1DCbFVAqaNt8,No token account,Could not find token account,NaN
7peYvvhmC9Vt9E9CnV37phVAyFUmVTLzaYuDvvNpxWce,0.000000000,4500.000000000,4500.000000000
6kd7JVUJsPpzj3nJEdDKPDDQWmVr6EdZmE3U9c3ywdjZ,0.000000000,4500.000000000,4500.000000000
9v8qRiXDkRRxCzzu5AQppmkGa8D15ZuaF3LBo9kwy9Az,No token account,Could not find token account,NaN
3kbg3Yz4JXC4Gmo4vn1nzZ5xJrdAVS32fyRfMjtQXfBH,0.000000000,4500.000000000,4500.000000000
5wAyDNrFFU5j1TGVLJk9McEEWqFec5RJAETUWhiNPt6g,0.000000000,4500.000000000,4500.000000000
9eEQdh9fp1rmZFeStyHikosudazqX2xqcDCYuaaApAYU,0.000000000,4500.000000000,4500.000000000
GhnVXY79HDy53GDmYWtV3oTJB8wfVzE3c4ev6vG8g7AY,0.000000000,4500.000000000,4500.000000000
BQMzYphEy8yn5vsM7GjK4qyMF3v5Po4kLYDE1Ln87goz,No token account,Could not find token account,NaN
H5Hf5Pt4jVTVYwn53bXTFk8wZVGzvGdwZGBoYDU5otgZ,No token account,Could not find token account,NaN
CY43aewU2fiJmjTu3pw9qoc1Fg8DuzWBMCJ3m7YTmNxC,No token account,Could not find token account,NaN
v3HC9L6M68bdriaHWcxQxv9Ffoo1sgVs58mHtrHEnfq,0.000000000,4500.000000000,4500.000000000
GiH6JpjukoxmcA1FPQNWXm3z3wd2MrZWx4eJ3KNwSb34,0.000000000,4500.000000000,4500.000000000
FwD41BJPhbWdR2W6MUoFp1WaD3xP5qZaLC9ppSxmDn41,0.000000000,4500.000000000,4500.000000000
B1fMs5Md9xHW4oaNxToaC27NUpi4NWHhm8GbMjtHkzif,No token account,Could not find token account,NaN
CRLXoCWeaitKpKojjp4CnWwdrqpsEuJos8VzRDPnB3YG,0.000000000,4500.000000000,4500.000000000
8CAn1KtbRE5G9AyGYtdVrfv2kzo3AFttfzGWobx58mnw,0.000000000,4500.000000000,4500.000000000
5Dhw7U9ibPbkTqzdW3AXUaxsWBmxJwS3mMjvoup4LvCH,0.000000000,4500.000000000,4500.000000000
Ecp5TjqfyMz2dMSfL1tC4NXdpJgTKMcbVsDkDTnPHb4R,0.000000000,4500.000000000,4500.000000000
2ZD1yc7o5kkJtjWenkZNTt2CUxmH9Ti61VYbtftzMWx7,No token account,Could not find token account,NaN
BfkLBgR4PeChB1n7yEZXmwfjHAvzpepEcrHATyCXZk7P,No token account,Could not find token account,NaN
2gYnhGgPh6MDfUpffM75C9ufAN4uep8Jfg5DmLT9bGZN,No token account,Could not find token account,NaN
EVLf7eDCDfBdWNSEQDgq43eDuY8QjnC8qEhKzJSgRhUy,No token account,Could not find token account,NaN
5mBpk31gfJHpZKrXYxnvuNoqmu1e8KXa8ZmFa1jH7Y2g,No token account,Could not find token account,NaN
6FTbrH2PqXFuTb3s4CkPvUDRwPqJK8BDkb6g3efizyDR,0.000000000,4500.000000000,4500.000000000
HC3XXH4TfEg5MzUSCwM2Q4raN8NDHU1MTaieNPN3NYmH,0.000000000,4500.000000000,4500.000000000
Dkg5c33Cknqm2d9F26m2sdAqAApfjVjd4qUmL1uF2Fgt,0.000000000,4500.000000000,4500.000000000
jYbE3Z7r8xD9yKXzLafZxcU5YWtD9Mn2exH1g8BSQa4,0.000000000,4500.000000000,4500.000000000
HCRzbKAz9vx7PsYEAu7AMwTRnj7ToqjLqUV1hWtS1P8D,No token account,Could not find token account,NaN
CJSXAUJD9VChrT5Ydsumivqrk7TsqbDVeD3uS96zn8SP,No token account,Could not find token account,NaN
AycM6uWXLmbCYtBwW54AY5AgCrCxwiDWbNEmHYY6am76,No token account,Could not find token account,NaN
E81Cd6jdJxsSo8Njqe2X2ffr9fF9pRfPpLf4woNVSRpb,0.000000000,4500.000000000,4500.000000000
H4q1J6fj3McqULAEZGNHz8MTJmYmU6dJ9qr5N3onhqH6,0.000000000,4500.000000000,4500.000000000
6LsHiJA2SJvkDunvYaBgHsGv6F4PJVabGSkYSBN4imjK,No token account,Could not find token account,NaN
EmCp4F6wjLW5ofUzBWdKAAcfYv1iJoBaKT7YgJAKhZPQ,0.000000000,4500.000000000,4500.000000000
AFCGjMn9bDbWWttk3TceJXDqKpzHRYmCjeB9mJWa6wMk,0.000000000,4500.000000000,4500.000000000
DGYVDVePBPE6A1Eq3PnebQGJBNGBJPnHUAGQ8H3WYpCm,0.000000000,4500.000000000,4500.000000000
3zHqeuUo8vZLgAzZtKhpRj7uBmgrzbRWPeEq9ZNiMpL6,0.000000000,4500.000000000,4500.000000000
56PfJRDdWBkjRnQUNV1fvzC4NYgtyDYNGS2eH7tDAKih,0.000000000,4500.000000000,4500.000000000
4rRhJWMuHzeHp8vP7NLD6CFtos16xHsk41o258Mt98nQ,0.000000000,4500.000000000,4500.000000000
DbhiJUVEizrTFGzTQGwTqgdQKMcjGb1ZYWLRKXK61fMz,No token account,Could not find token account,NaN
63TmaWerFGwrjpKfy1Gu8WAJsw6GyJoqrgwd7wLdKCe6,0.000000000,4500.000000000,4500.000000000
9xutf22NXdwQt3JRSTjgrUygSmYgJbABJFdgcqrRgcTM,0.000000000,4500.000000000,4500.000000000
BGatZFP6jXmi7soZkJuxabJm5acfovdGtmbNBx9gVHpf,No token account,Could not find token account,NaN
EVfXg23LCMuKjnB8BmgYB6aymmcs5gNWPnPQVPVPoBVr,0.000000000,4500.000000000,4500.000000000
7AghxyFwrAJaZGfSGZ5DG1JTtoeC3zgaRHkywuLK9gXm,0.000000000,4500.000000000,4500.000000000
9cV64xt85bZWsWySCACLwqBvdfwuRdfu94bhN6tchKcs,0.000000000,4500.000000000,4500.000000000
C56GTYbWpxDTfX9T3N7439o4aGcLSxYBc3bDL99vFmgM,0.000000000,4500.000000000,4500.000000000
FX59EgGah5kWvLcPQGtXUPMeZrBXydk78NG3sGGfyiCm,1.000000000,4501.000000000,4500.000000000
7GaqV3GqepgRNBN3j2rrDKzurbEZqzkyqD1Wi7dsNjaK,0.000000000,4500.000000000,4500.000000000
24sqUY7fNWJtSSFAras37Dj4a5Rzn2LqiukJrZA7LQQM,0.000000000,4500.000000000,4500.000000000
6H6SViSicpyzJBMio2NbzQC2SSZv1nLGqrm5wYwdszJC,0.000000000,4500.000000000,4500.000000000
8gkNdxEVtyRBiYTZUSNusdfeY8Uqo3z7fQZtGhMj4a6C,0.000000000,4500.000000000,4500.000000000
3i8VvCZeikePT3LUDetqN5WTjaVT8LVWZHeY4gMENQqy,No token account,Could not find token account,NaN
HxwKP8oscrf3N7icdSHErE78eoCcd1Ktr9NsEfAjwbu4,0.000000000,4500.000000000,4500.000000000
ELVXQX7HNxM8tJHcAWki68j4hB5GSVexkwghdf3zdAUq,No token account,Could not find token account,NaN
6rwxMiB3dGXVJ6USURz23xS4zHecpnpe9817kNRcNdaY,No token account,Could not find token account,NaN
FFtrSBhnLnYgtWucbcYwGvFeaycvie4VYK1nShtofaYJ,0.000000000,4500.000000000,4500.000000000
8V4AH3pFqRbZmkBVKUkmY2Vrksovu2UiNPh5RRMmNj3C,No token account,Could not find token account,NaN
6wUJYtUBcNoKN6KAGfSrGZ7icwyeChwyaB9Q9X8Zypz4,0.000000000,4500.000000000,4500.000000000
D6Grt8uDKTUm67kCsRnKGcpY3LEsAKBRWSTvVzjVwowW,No token account,Could not find token account,NaN
44ZD1yKhqiHu27zzWVvwkcc4V862xFBsf3nRTpDy8S4V,0.000000000,4500.000000000,4500.000000000
FQoWpdGFgo18hqAjdxB6Q2ptyTNgwazHGJUMmL3r3kjh,0.000000000,4500.000000000,4500.000000000
7FQFRPQVyjYLFrwBTXZ7NjVJWBZPSDCdhx6DaZ3wf1pt,0.000000000,4500.000000000,4500.000000000
HTdnXRav8NwVurn9Sj5hNdM3nLGx7xoWpgJ5pHvC6pvi,No token account,Could not find token account,NaN
FzgqjjdLiLENisQibaSt7rTavzr48QnqiYr3qKs6efz6,0.000000000,4500.000000000,4500.000000000
GYX8kczDigZFRbiVqct2TSXGuh2v8ZbCLHBmAPVZXkaj,0.000000000,4500.000000000,4500.000000000
8izRKVL93RzkpgztPfQwLLZhshUu6EDf7sCANbeZKrXd,0.000000000,4500.000000000,4500.000000000
FAjJm3Gt43pE8gPTmYhctfG8VsBqo5fw7q4jGtYz5wB8,0.000000000,4500.000000000,4500.000000000
CmdJqg5HSYZKUQcF5oW8rBZSpWftCZREmCYjLqo44qra,0.000000000,4500.000000000,4500.000000000
4SYZ1AL8kCzSnmJqQtt1f5chPGA7rU1Zk2gV5WScNb16,0.000000000,4500.000000000,4500.000000000
92xZpHGRsbzgrDsSg1xDirmjBGEXRK9qvRY87mREuJfT,No token account,Could not find token account,NaN
DTsepRipY88czYb9S6sxvASKuXCxytt1KQFQ7PyaroKe,0.000000000,4500.000000000,4500.000000000
DMJeRk5NS2NM2oCJoRvBrNgwnRXoEfpACKruPDAqPArf,No token account,Could not find token account,NaN
8T2DFpoQFTYcgf7h4Skw77pUQVeVixMZzCoo4cQqh4LX,0.000000000,4500.000000000,4500.000000000
4wJ2Yf9842TjbVuzGmN27ziWJvbZpvSa52Si8LshvmCK,No token account,Could not find token account,NaN
3oKKQF5c1mvostNvQVvfKHCauGeByH4N6YJ4Fz3khwwm,0.000000000,4500.000000000,4500.000000000
642yb1sze6ihXrqYA8uvXrfJbGbuQrMSqenDHir4tGBF,0.000000000,4500.000000000,4500.000000000
6QBKu9gyRMrmqYo8wmabv2xb73oKWGeTv8ZTHNRtAPY9,No token account,Could not find token account,NaN
F5vSXJ3QthwH2SxRR7126ZJoCkc2AU1prhiBKY67y4ZJ,0.000000000,4500.000000000,4500.000000000
1bgQjXwyBNNsFXYY55DjQDEPUBygEPtQEfcMhFhor4H,0.000000000,4500.000000000,4500.000000000
94BFtYsNdGgRLo5JtsXNMw6d1CH7r9nwhF8yyxz7zPbz,No token account,Could not find token account,NaN
AJW9iNLqmzZPgszcNpxCju9NvEjtMqC3rvXK6DmmgQWA,0.000000000,4500.000000000,4500.000000000
HxP8RjfBzMaMZoUJw7bcy9iyVDVLodwHGY8V3hr1zcoS,0.000000000,4500.000000000,4500.000000000
6HV15Bwxe3GxFwawP29RCkY7FsNsajPuuX9t5RKxb5sb,0.000000000,4500.000000000,4500.000000000
27zxodnTVihK1mz6tTyFf3TeCumLi4VXpcwckmmq685C,No token account,Could not find token account,NaN
7XRrgY2CfZKLsW516vYF5dTAfDQpYQPxoHcKD6g1dxCn,No token account,Could not find token account,NaN
EykKhowWPrweehsV7nX6n3oWBzAJq7ak9aRd5K33epxT,0.000000000,4500.000000000,4500.000000000
EHvRJYDh6opqYpFDdcMSg6q13kgGrgTqNzq95UCLomNV,0.000000000,4500.000000000,4500.000000000
7FJqDcgpHHexb47kkju3nVmxDTLEuTMMxT4bXj9KpSQf,No token account,Could not find token account,NaN
3SiYavEsnbMxhj6D6xt87jveiU8aTnuqxwDzLJgENKy7,0.000000000,4500.000000000,4500.000000000
DvqgLfsGz6vhpjs3KKM6qbkLv1sz4K47QN86QbnK2oY1,0.000000000,4500.000000000,4500.000000000
BeZKY6aKy4uzxpT5EGi4Kgf22pd4Z4xiyw1GiXG5TCY3,No token account,Could not find token account,NaN
6pQgsKBjgAck1mJgFDjbTzJvxjtDEBm1z9r8bmWefrT8,0.000000000,4500.000000000,4500.000000000
8KSrQ5929whDC86QBk4oS3VTAouG7hoP99Rci5WhZADV,0.000000000,4500.000000000,4500.000000000
91KdMANiepuuLMeqxy6ksmnKs8BFp2JpwULTxmwA9Uv,0.000000000,4500.000000000,4500.000000000
3vKahK6Sp256kY3EeQDr7gubPfG4pKXr4hH9KNJka6ZN,0.000000000,4500.000000000,4500.000000000
BhY1PUuLn799r38rBtme7HnVrVzgz4s6NHnH6kqurdhn,0.000000000,4500.000000000,4500.000000000
DU5j4AcAwuKPNH5f5VU19W7ZpUchSxYx7k4L2ERdwiMc,0.000000000,4500.000000000,4500.000000000
EskWgjTedpxuZvu5DtXJvp9qt462xbtaRrCRudpLr5j,0.000000000,4500.000000000,4500.000000000
FKcuv5VSc7GmVEVKRQcHQ8fEyYTPGTPGPrJvSJBkfiDq,0.000000000,4500.000000000,4500.000000000
BA3CNLa2s2eGbcGfLoVXCZMiT1EVxdL5GV5umziu49K4,0.000000000,4500.000000000,4500.000000000
DJ1qMbputMSruMnu3N8NdogmumG3c2wCdDtrWFEUegEu,No token account,Could not find token account,NaN
41GSCgb1bTwcaeLqHGuxsLpAT14eS5jLvNm7CY5s7U6C,0.000000000,4500.000000000,4500.000000000
49cTcm1EyGG12w4B7ssFG6DHbEUpQQBhqtRsx8yoFviV,0.000000000,4500.000000000,4500.000000000
4CbZGuBKyDbEUxMsgJPP3ZVbCfHat1qEAFqoWWGeNEre,0.000000000,4500.000000000,4500.000000000
8vEboTbFiWWyHf6a2gah1oWpmEZjpsELNdJ1aXfD2NRk,No token account,Could not find token account,NaN
41VSVYHFc3CGsCvfrgYb2jHuz1uk1AGwe2b57DP1MzKd,No token account,Could not find token account,NaN
DnfT1LoisgxAFEsqw24SmzKpwCcTLJ6Jg6tc1pXTBhD,No token account,Could not find token account,NaN
PZNyYEQvyofdsCGN3gRfwLaQ35TSwxkwJ1reWp69mUf,0.000000000,4500.000000000,4500.000000000
8RPXnMfAB2LopVLd8vtAHayfUg8Nf52uA4Mk7Nq4MT5W,0.000000000,4500.000000000,4500.000000000
8kH67sRyyYmhmKbV7xV6WtQbbYjiwihvWbQ2Lm1BGsXu,0.000000000,4500.000000000,4500.000000000
6Ar3eyrQseCtC11TFis2cTQ6UR2ZumyJEuV2gjtGcw43,0.000000000,4500.000000000,4500.000000000
GW3Ko9uHspwmdiPv1PKw2qAXX21uziwEvE8mmnXQsDHw,0.000000000,4500.000000000,4500.000000000
2SHDfrx9pfMAbY8EvEnvQc9Ke2cZ63YB9cPiYjayVEsj,No token account,Could not find token account,NaN
3nVF3SWJmoDDhXnQdo26ehtqADTAB5CBTvAiFYfF5Jms,No token account,Could not find token account,NaN
Au4yzZoFMmPfbqvStpyf93cuJXXu7zpLPTUedRTs8cuD,No token account,Could not find token account,NaN
8DXb9TS8B4chqJE7Vn6hrZY8H1omJeZpkqjiB6sLk4kU,No token account,Could not find token account,NaN
AB1nHtSFJY17eCcApZQvkH4q3LiSpxYMY9zt6NetdkCw,No token account,Could not find token account,NaN
7Zemj4cEhmeQJzfWWyG9tPhVWVsQgHZUTy14CG2T7Jq5,No token account,Could not find token account,NaN
7uQp6BP7QnfJxbSyMdr1pRmedSdtvZdnjhJBvh8Q4rqs,0.000000000,4500.000000000,4500.000000000
FkHFSFZNXFPxeRbJGa9aBxm2pmMT3foW3m26Razn2GZk,0.000000000,0.000000000,0.000000000
9KsMRUKFkoLKCYTcgktXQEHQSe31P9fKgZD8conQBzPD,0.000000000,4500.000000000,4500.000000000
2v2PpEsju2PK2xkHobkMHR6Ch9qkdkx2VeNQXq5RdBpy,0.000000000,4500.000000000,4500.000000000
ASut7xootC9piMF8CyFq7Qvmz7Lm75GvzWPNzQe7Hdau,0.000000000,4500.000000000,4500.000000000
1km24ArmAPyApwB3jGE2HaiyKRdxUXv6rmY9fUgdajm,0.000000000,4500.000000000,4500.000000000
DJ6VuoW1WJCphZeZZiDP6CGpBnXzccnECpEJgaqUDYCy,No token account,Could not find token account,NaN
D5FSQuqHHrQjrFrRqPZyyoXxqM7iUyVb5gSggr2kEkhC,No token account,Could not find token account,NaN
FsNFwLPniKs6sFTir6aM5eUWXRn8v4pMUN76ZG5jLtsp,No token account,Could not find token account,NaN
Cu82bLqnE72exLMUHUrmoSzNXexnRRakMZ4WkSD6N362,No token account,Could not find token account,NaN
2WRzZkMmqnTuTjNa9LXdVhEWmViuxtevHzRrofSpd7bm,0.000000000,4500.000000000,4500.000000000
BYRQ8dtBv74u1rTDh9TvKPitMkkoEXFz3hfYmSwYLcSS,0.000000000,4500.000000000,4500.000000000
H5sLdze7RUUHDmhJAXBWVYK2A7USQvMVTnFFmXTgDZG7,0.000000000,4500.000000000,4500.000000000
3ZrUWPFQuZzUr7wL9dfUbKsZoVuojbXwHqe5s4yUzJ5j,0.000000000,4500.000000000,4500.000000000
BwS83oi1coX7ffD1fto7XBenXDdHTuZvtRqbBcNLaXej,No token account,Could not find token account,NaN
62kiGu1WeTUdr71rw7YgZGE3FgozjWY17Ymi85RuNXng,No token account,Could not find token account,NaN
72YJGb9esDaZD6E7hYjWJbzt1HQRnMWUSfSmxfkZpUV,No token account,Could not find token account,NaN
BmTtFLKFjDkqJPswuj2WK2GKTD42pxnaN9sSd4JCg27b,No token account,Could not find token account,NaN
H71iJzGWvmeHc9QYoVjCgX8ecSfrCWCyxxapmJVUeQAJ,No token account,Could not find token account,NaN
GNvkgzFuYYf3RLyZCXCkGuJ7Fi7VWJgyFjKesZUk2v4b,No token account,Could not find token account,NaN
9rZo55Mjw1V7J9KNbmkaj4g57sTq4d4dHy1jiCDzGrst,0.000000000,4500.000000000,4500.000000000
6sGhdgtjhPVxt1VpRBtvvBgRpvRc2mTmVd41JkN2LVB,No token account,Could not find token account,NaN
3JMLzJWrZcuqeSSykw7BC4b91f4HTJzKbuWfun1CAukY,No token account,Could not find token account,NaN
FDNjDPbNKZPxbArhdbm6CaQaA9Rd8d8MmNqK1H4m7uns,0.000000000,4500.000000000,4500.000000000
A9Cq7Zd2eah6XLbHG6fLuzfgKTqiZH2vZp6evokCijH4,No token account,Could not find token account,NaN
96Xp1Cw8x7VpvcNX2wMoPTxUMbpe3eCUYcm6W9V9hqzM,0.000000000,4500.000000000,4500.000000000
6aTgw7DJ96puYMjtSwjxGUefK8xrNgL8gJnULqwMPNAr,0.000000000,4500.000000000,4500.000000000
7J7xgm8oMHYX6z8LYJNBPWX7q8PBZkYqTxGrnREz6N9h,No token account,Could not find token account,NaN
Et4pD7L7S8jNCkzrCN3skrejsniGXtQv5X9UFWTbfFfh,No token account,Could not find token account,NaN
4c4PdL8oxAGNi1XUkB26zURq8vrqPstwPM7MnwZxqiGh,No token account,Could not find token account,NaN
EbntHLfYcEi6aRoU3dpuJa8xuxkUhmdvuux4UpGjsUjA,0.000000000,4500.000000000,4500.000000000
8hLcurgxhmRfwW5UQT8RjSUjgMMqeoDgpMrSrqWurAhU,No token account,Could not find token account,NaN
Hk4LFuLCPZidANgpiJeuWb8hg1318pMPLKkeMLG9NCRi,No token account,Could not find token account,NaN
7DXwJhhnDBaoXwXfAsX2EQYyydCUrNQYucosTcK6Uko3,0.000000000,4500.000000000,4500.000000000
9Hnff3yLRKaEEWh5fBnyHfdtCUuDpsjqH88b4oEVuXFk,No token account,Could not find token account,NaN
CezD8rmsHyQjeDDtknQ8TyJzzGM88wbncSUiEmxR5KAj,0.000000000,4500.000000000,4500.000000000
9xcCwomFVz4J17QF3h3FSzfWD7gBcBAQDUcS7BPQgFzv,0.000000000,4500.000000000,4500.000000000
AkRHx18wbvRGpNGTSKo73hcgVfzWoZGYVFgAfFuVvT1T,0.000000000,4500.000000000,4500.000000000
Cf4Y7aSKZ4EFXzcEazJHvRNfFGpb8Zgkzd3WS7BHhXbb,0.000000000,4500.000000000,4500.000000000
3yaCFqpRb3n6BvmugK5LCULHAPvk6P1kUQG5n2YQe24L,No token account,Could not find token account,NaN
DdrPjGDsxBWBV7nbfdTjzS7JnJN9q7bh2xYVS35U9Faw,0.000000000,4500.000000000,4500.000000000
81CDi8PJxyeuvqagvxg8ZaPNDrsQZQ9R2qaPGU2vYXLe,No token account,Could not find token account,NaN
8BQ6g3YntnesbpjQ1CBgueakBX2ihAPVh8cFnZskQyUx,No token account,Could not find token account,NaN
JDNmvysQ8VQHY8AHUBZ1TF9LS6NVPYATNqWABeuxC6jA,No token account,Could not find token account,NaN
De3D7bRLbS5FELpL14HEyaa7H5peaPwdVMnb2yDofPXe,No token account,Could not find token account,NaN
FntdJHsMwwrzAsmJzszpBL4PvbsSqW8PTbRQuDNcXpP4,No token account,Could not find token account,NaN
DtwYZqm5LZ1N2rf5X2XUcJ75QxwLnvWHEgUhZPhRUZEW,No token account,Could not find token account,NaN
9LA2qvCJps2C58xyyPQmn8f92qD4nMk3Fe8fory8svDa,0.000000000,4500.000000000,4500.000000000
B4m7tcS1gHAVWyvjZscxkDKxuzKAtmb9ohrV8GUtX2tN,0.000000000,4500.000000000,4500.000000000
88TG8AgQxyNweWe7y1rPLUaYugNrCpQXqqhtgbnE2RX4,0.000000000,0.000000000,0.000000000
BtdDdBwu7uNdMh62m7SqB4b2JudPRtMHM6DJ1q7asdqz,No token account,Could not find token account,NaN
4fbje2skE7AKb3LbXcN187UzzaukEcU9AQKRfjhFLpUM,0.000000000,4500.000000000,4500.000000000
D59qgC7kdpeQagbpFRkb899ZwZSqqfoR8V7MdRSfF8gr,0.000000000,4500.000000000,4500.000000000
FGG6yHeHGR4f2rdQBM96U1nZF2yxTDrXXyc8P2EgAQuR,0.000000000,4500.000000000,4500.000000000
4RuzAAQWeQcVtvbbnKHt9aVYU6VWNkDDnb8ttx4BLpq6,0.000000000,4500.000000000,4500.000000000
